Unnamed: 0,place,info,문의 및 안내,홈페이지,주소,이용시간,휴일,주차,화장실,입장료,접근로,review,주차 요금,이용요금,체험,출입통로,장애인 주차 안내,엘리베이터,수유실,판매 품목,이용가능시설,주차요금,지정현황,체험가능 연령,유모차,휠체어,지체장애 기타 상세,입점브랜드,규모,대중 교통,주요시설,할인 정보,수용인원,오디오 가이드,시각장애 기타상세,관람석,점자 홍보물,보조견 동반,보유장비,안내 요원,시설이용료,부대시설,점자 블록,이용 시기,강습안내,청각 장애 기타상세,코스안내,영유아가족 기타상세,유아용보조의자,개장기간,대여안내,유도안내 설비,예약안내 홈페이지,객실,자막 비디오 가이드,수화 안내,매표소,입실시간,퇴실시간,객실내 취사 여부,식음료장,객실수,영업시간,대표메뉴,취급메뉴,큰활자 홍보물,홍보물,예약안내,객실유형,바비큐장여부,세미나실 여부,좌석수,사우나실 여부,캠프파이어 여부,스포츠 시설 여부,자전거 대여 여부,공용 PC실 여부,휘트니스 센터 여부,노래방 여부,청각장애용 객실,뷰티시설여부,공용 샤워실 여부,청각장애 기타상세,보조견동반
2351,봄솔레씨네,봄솔레씨네는 자연을 담은 신선한 저칼로리의 건강한 메뉴로 모든 음식을 주문과 동시에 조리한 브런치와 파스타를 즐길 수 있다.,,,서울특별시 동대문구 서울시립대로29길 3,,"매주 일요일
※ 토요일은 방학기간 중 휴무",없음,,,,,,,,,,,,,,,,,,,,,,,,,,,,,,,,,,,,,,,,,,,,,,,,,,,,,,,"11:00~20:30
브레이크 타임 15:00~17:00
라스트오더 14:15(점심) / 19:40(저녁)",쉬림프 로제 파스타,쉬림프 로제 파스타 / 마르게리따 / 브런치 외,,,,,,,,,,,,,,,,,,,
3969,스페인마을,"스페인 마을은 레스토랑과 베이커리 카페, 공방, 펜션, 카라반 등 이용가능한 곳이다. 스페인 마을 풍차 건물 1층 브런치 카페에는 샐러드와 피자, 간단한 샌드위치 등을 판매하고 있고 지하 1층 레스토랑에는 샐러드, 피자, 파스타와 스페인의 대표 음식인 파에야를 주메뉴로 각종 음료와 와인, 수제 맥주도 함께 주문할 수 있다. 아름다운 바다를 바로 내려다볼 수 있는 1층 카페 넓은 창가 좌석은 늘 사람들로 가득하다. 바다 조망과 함께 풍차가 있는 카페를 둘러싼 정원의 꽃들이 이국적인 정취를 자아낸다.",,http://스페인마을.com/,인천광역시 강화군 화도면 내리 2181-14,,연중무휴,가능,,,,아무도 없는 화요일에 한적하게 방문한 스페인 마을 카페~창가 너머 안개낀 갯벌 갬성^^ 서울과 가까워서 자주 찾게되는 강화에 드라이브삼아 가는 스페인 마을은 이색적인 분위기가 사진도 많이 찍게되고 해외를 간것같은 기분이 들게하는 곳입니다. 이색적인 건물과 곳곳에 운치있게 놓여진 벤치에 앉아서 마시는 커피 한잔은 정말 여유로움을 선사해줍니다. 가까운곳에 힐링할수 있는곳이 있다는것은 정말 기분좋은 일입니다. 한번 방문해보세요 김포와 가까워 시부모님과 같이 가끔 방문합니다:) 30대인 제 눈에는 그냥그런데;; 왜인지 어른들은 좋아하셔요~ 또 가자 하시더라구요~ 아마 예쁜 바다를 보면서 물멍하는게 좋으신가 해요~ 식사/커피는 가격대비 매우 별로라고 생각합니다~ 이것저것 생각해도 비싸요! 맛도...ㅠ(개선했으면..) 그럼에도 불구 부모님이 또 가자시면 갑니닷:)!,,,,,,,,,,,,,,,,,,,,,,,,,,,,,,,,,,,,,,,,,,,,,,,,,,,"- 마르베야카페 10:00~20:00 (마지막 주문 19:30)
- 바다전망카페 10:00~20:00",바베큐폭립,백향과차 아이스 / 블루베리차 아이스 / 레몬차 등,,,,,,,,,,,,,,,,,,,
5228,사운즈옥천,"순천 옥리단길에 위치한 사운즈옥천. 지금의 건물은 조선 시대에 정승이 살았던 곳으로 순천의 오랜 역사와 문화가 깃들어 있는 곳이다. 2월에 방문하면 곱게 핀 붉은색 설중매가 아름답다. 겨울이 아닌 계절에도 산다화, 금목서 등 계절에 만개하는 꽃들을 만나볼 수 있다.",,,전라남도 순천시 옥천길 67,,,,,,,,,,,,,,,,,,,,,,,,,,,,,,,,,,,,,,,,,,,,,,,,,,,,,,,,,,11:00~18:00,에스프레소,에스프레소 / 아메리카노 / 바닐라라떼 / 허브티 / 자몽차 등,,,,,,,,,,,,,,,,,,,
5325,카페 림,"위치는 담양이지만 광주와 가까워서 광주 인근 드라이브 코스로 알려져 있다. 푸른 대나무 숲 속 풍경을 배경으로 군더더기 없이 심플한 2층의 건물 외관이 조화롭다. 1층, 2층 전면 통창과 사방의 커다란 통창을 내어 개방감을 주었고, 대나무숲이 보이는 깨끗한 통창을 통해 보이는 창밖의 풍경은 한 폭의 동양화를 보는 듯 청량감을 준다.
테이블과 좌석의 배치는 조밀하지 않게 공간의 여유를 두어 편안함을 느끼며 휴식을 즐길 수 있다. 아기의자도 준비되어 있어 어린아이가 있는 가족단위 방문객도 불편하지 않고 단체석이 많아 친구들과 가족모임을 갖기 좋다.
카페 주변에 조성되어 있는 대나무숲을 배경으로 테이블을 놓아 야외에서도 대나무숲에서 불어오는 바람 소리를 들으며 음료와 디저트를 즐길 수 있다. 디저트류는 베이글, 바스크 치즈케이크, 스콘, 휘낭시에가 있다.",,,전라남도 담양군 송강정로 192,,매주 일요일,가능,,,,,,,,,,,,,,,,,,,,,,,,,,,,,,,,,,,,,,,,,,,,,,,,,,,,,,,"[평일]
- 11:30~19:00
- 마지막 주문 18:10
[주말]
- 11:30~20:00
- 마지막 주문 19:10",샤케코코,아메리카노 / 카페라떼 / 바닐라라떼 / 생강차 / 수박주스 등,,,,,,,,,,,,,,,,,,,
5425,지리산가는길,"지리산 가는 길은 전남 곡성군 죽곡면 압록강 유원지 근처에 있다. 지리산 가는 길의 대표 메뉴는 통 모짜렐라와 지리산 흑돼지로 감싼 수제 치즈돈가스와 손수 작업하는 수제 등심 돈가스다. 섬진강 뷰를 바라보면서 자연과 함께 음식을 즐길 수 있어, 연령대 상관없이 인기가 있다. 국물, 피클, 깍두기도 매장에서 직접 만들기 때문에 기본이 충실하다. 가게 내부는 전체적으로 목재를 사용한 인테리어로 산길에 들어선 듯 한 감성을 느낄 수 있다. 특히, 테라스 자리는 섬진강 뷰를 보면서 식사를 할 수 있어 인기다. 그밖에 카페라떼, 바닐라라떼 등의 커피 메뉴, 수제 건강차, 생과일주스 등 다양한 디저트 메뉴들이 있다.",,,전라남도 곡성군 죽곡면 대황강로 1334,,매주 월요일,"가능 (무료, 전용주차장)",,,,,,,,,,,,,,,,,,,,,,,,,,,,,,,,,,,,,,,,,,,,,,,,,,,,,,,11:30 ~ 20:00 (라스트오더 19:00),치즈돈까스,등심돈까스 / 아메리카노 / 카페라떼 / 바닐라라떼 등,,,,,,,,,,,,,,,,,,,
5512,황소식당,"여수 봉산게장거리에 있는 원조 황소식당은 여수의 명물 돌게로 만든 게장백반 정식과 갈치조림이 맛있기로 이름난 식당이다. 깔끔하게 지어진 건물 지하에 주차장이 있고, 1층과 2층 식당은 넓고 깨끗하다. 게장백반 정식도 맛있고, 갈치조림과 게장 정식을 함께 주문해도 되는데, 갈치조림은 간장게장과 양념게장이 같이 나온다. 전라도 식당답게 하나하나 맛있는 밑반찬이 푸짐하게 차려지고, 갈치조림과 게장까지 올라오면 보기만 해도 먹음직스러운 한 상이 차려진다. 손님이 많은 맛집이라 기다릴 수도 있지만, 음식을 맛보는 순간 기다림의 시간이 아깝지 않을 정도이다. 간장게장과 양념게장은 1회 리필이 가능하다.",,,전라남도 여수시 봉산남3길 2 (봉산동),,연중무휴,가능,,,,영업시간은 아침 9시부터 밤 8시까지고 저희는 여수게장이 같이 나오는 갈치조림 시켰어요 반찬으로 고사리볶음 갓김치 꼬막 무침 나오고 된장국 새우장도 맛있어요 돌게로 만든 간장게장인데 감칠맛도 있고 고소하고 맛있어요 갈치조림도 맛있어요 추천!,,,,,,,,,,,,,,,,,,,,,,,,,,,,,,,,,,,,,,,,,,,,,,,,,,,08:00~21:00(라스트오더 20:10),모둠꽃게장정식+돌게장정식,게장백반정식 / 갈치조림 / 갈치젓갈 등,,,,,,,,,,,,,,,,,,,
5519,나주쌍치민물매운탕,"나주쌍치민물매운탕은 전남 나주시 빛가람동에 위치한 한식전문점으로 민물매운탕의 깔끔하고 깊은 국물과 시원함을 느낄 수 있는 곳이다. 메뉴는 삼합탕, 메기탕, 빠가탕 등 다양한 메뉴가 있다. 내부는 넓은 편은 아니지만 좌석이 여유로워 편하게 식사할 수 있다. 또한 룸 형식으로 된 공간에서 단체 모임을 할 수 있다. 시내에 위치하여 현지인 맛집으로 알려진 곳이며 관광객들도 가볍게 들르기 좋은 곳이다.",,,전라남도 나주시 황동1길 69,,연중무휴,"가능
요금 (무료)",,,,,,,,,,,,,,,,,,,,,,,,,,,,,,,,,,,,,,,,,,,,,,,,,,,,,,,11:00~21:00,삼합탕,"참게탕,메기탕,빠가탕",,,,,,,,,,,,,,,,,,,
5520,광명식당,"광명식당은 전라남도 여수시 학동에 위치한 음식점이다. 메뉴는 주꾸미 삼합, 주꾸미 볶음, 장어구이, 삼겹살 등 다양한 한식 메뉴를 취급한다. 대표 메뉴는 주꾸미 삼합으로 각종 반찬들과 푸짐하게 제공한다. 주꾸미는 비린내가 나지 않고 싱싱하여 식감이 탱탱하고 양념과 어우러진 맛이 좋다. 주꾸미를 건져 먹은 후에 볶음밥까지 비벼먹으면 별미이다. 여수 시내에 위치하여 현지인 맛집으로 알려져 있는 곳이다.",,,"전라남도 여수시 학동2길 (7-4, 제일시장)",,,,,,,,,,,,,,,,,,,,,,,,,,,,,,,,,,,,,,,,,,,,,,,,,,,,,,,,,,방문 전 전화문의 요망,쭈꾸미삼합,쭈꾸미삼합 / 삼겹살 / 장어구이 / 서대회 등,,,,,,,,,,,,,,,,,,,
5521,사계절횟집,"사계절횟집은 민물고기를 이용한 요리를 30년 가까이 주 메뉴로 운영되어 왔다. 구례에 있는 음식점으로 알려졌으나 주소지는 곡성에 있다. 영화 '곡성'의 나홍진 감독과 촬영팀도 방문했다는 이곳은 참게탕을 비롯해 민물매운탕을 잘하는 집이고, 계절에 따라 은어회, 송어회, 향어회, 쏘가리회 같은 민물 회를 즐길 수 있다. 부근에 압록상상스쿨과 곡성기차마을이 있어 주말모임이나 나들이 하기에 좋다. 농림축산식품부가 선정한 안심식당이다.",,,전라남도 곡성군 오곡면 대황강로 1589,,매주 월요일,가능,,,,,,,,,,,,,,,,,,,,,,,,,,,,,,,,,,,,,,,,,,,,,,,,,,,,,,,11:00~18:00 (17:30 라스트오더),잡탕,참게탕 / 은어회 / 송어회 등,,,,,,,,,,,,,,,,,,,
5522,지리산갈비촌,지리산갈비촌은 명창 송만갑 선생의 생가 앞에 마련된 동편제 전수관 인근에 자리 잡고 있다. 맞은편으로 지리산 노고단을 볼 수 있는 음식점이다. 대표 메뉴는 돼지갈비다. 과일과 한약재 등 20여 가지 재료가 들어간 양념 맛이 훌륭하다. 도가니탕도 별미다. 도가니를 푹 고아서 내놓는다. 잡냄새가 전혀 없이 고소하고 부드럽다.,,,전라남도 구례군 구례읍 의료원길 37,,매주 토요일,,,,,,,,,,,,,,,,,,,,,,,,,,,,,,,,,,,,,,,,,,,,,,,,,,,,,,,,11:00~21:30 (브레이크타임 14:00~17:00),돼지갈비,삼겹살 / 도가니수육 / 한우소고기국밥 외,,,,,,,,,,,,,,,,,,,
5523,백제회관,"전라남도 구례에 위치한 백제 회관은 산채 음식 전문점이다. 제철 산채들을 사용하여 산채백반, 산채비빔밥 등을 만들어 낸다. 이 집의 인기 메뉴 중 하나는 직접 만든 청국장인데 진하고 구수한 맛이 일품이다. 이 외에도 재첩국과 돌솥비빔밥 등 다양한 한식 요리를 맛볼 수 있으며, 맛깔나는 밑반찬들은 입맛을 돋우기에 부족함이 없다.",,,전라남도 구례군 산동면 지리산온천로 260-7,,연중무휴,가능,,,,,,,,,,,,,,,,,,,,,,,,,,,,,,,,,,,,,,,,,,,,,,,,,,,,,,,08:00~21:00 (전화문의),산채한정식,산채백반 / 산채비빔밥 / 재첩국 외,,,,,,,,,,,,,,,,,,,
5524,우남식당,"50년 역사의 노포로 방송에도 여러 차례 소개되었을 만큼 탕수육, 짬뽕 맛으로 유명한 집이다. 고령의 할머님이 혼자 만드셔서 시간이 오래 걸려도 양해 부탁한다는 내부의 안내 멘트에서 오히려 노포에서만 가질 수 있는 두근거리는 기다림의 즐거움이 생긴다. 바싹하게 튀겨진 탕수육과 옛 맛 가득한 새콤달콤한 소스의 조화는 잃어버린 향수를 자극하고, 신선한 해산물이 가득 들어간 짬뽕은 국물에서 느껴지는 칼칼하고 매콤한 맛이 일품이다. 탕수육과 짬뽕을 맛볼 수 있다는 것만으로도 기다림이 지루하지 않은 노포와의 만남, 한 번은 꼭 들러봐야 할 나주의 맛집이다.",,,전라남도 나주시 남평읍 남평2로 50-12,,매주 월요일,불가능,,,,,,,,,,,,,,,,,,,,,,,,,,,,,,,,,,,,,,,,,,,,,,,,,,,,,,,10:30~16:00,탕수육,짜장면 / 콩물국수 / 짬뽕밥 / 짬뽕,,,,,,,,,,,,,,,,,,,
5525,신창손순대국밥,"목포와 가까운 곳에 있지만, 행정구역 상 해남군에 위치한 신창손순대국밥집은 옛 금호도의 바다전망이 좋은 곳에 자리한다. 깔끔한 현대식 벽돌집으로 창문 너머로 바닷물이 넘실거린다. 바다 전망이 좋기로 유명한 동시에 맛도 좋아서 여행객들 사이에 ‘전망 좋은 순댓국집’으로 소문이 자자하다. 좋은 재료로 직접 만든 순대와 한정된 수량의 내장탕이 특히 인기다. 점심시간에는 인근 직장인들이 줄 서서 먹을 정도로 붐비기 때문에 가급적 점심시간을 피해서 갈 것을 추천한다. 종편 프로그램 백반기행에 소개된 바 있다.",,,전라남도 해남군 산이면 관광레저로 1673,,매주 월요일,가능,,,,,,,,,,,,,,,,,,,,,,,,,,,,,,,,,,,,,,,,,,,,,,,,,,,,,,,08:30~17:00 (라스트오더 16:30),순대국밥,소내장탕 / 순대만국밥 / 돼지머리국밥 / 어린이정식 / 모둠순대 등,,,,,,,,,,,,,,,,,,,
5526,해밀보리밥,"친절한 서비스와 푸짐한 한상을 제공하는 건강한 보리밥 맛집이다. 입식테이블과 좌식테이블이 나눠져 있으며, 가게 내부가 넓어 단체 방문도 가능하다. 보리밥을 주문하면 여러가지 나물과 함께 수육, 생선구이, 계란찜 등의 푸짐한 반찬이 나오며 후식으로 수정과도 준비되어 있어 셀프로 즐길 수 있다.",,,전라남도 나주시 경현동 275-1,,매주 토요일,,,,,"여기 맛집 인정입니다~! 반찬으로 나오는 음식 하나하나 엄청 신선하고 정갈해요. 나주 근처에 한정식집 중에 가격은 조금 높은 편인데, 그 가격 이상의 맛과 정갈함, 신선함을 보장하는 음식점입니다. 위생상태도 좋고 쌈채소의 신선함이 진짜 좋아요 ㅎㅎ",,,,,,,,,,,,,,,,,,,,,,,,,,,,,,,,,,,,,,,,,,,,,,,,,,,11:00~20:00 (브레이크타임 15:00~17:00),보리밥,쌀밥/부침개/보쌈,,,,,,,,,,,,,,,,,,,
5527,길언니,"이곳은 1인 정식 메뉴로 구성되어, 혼밥을 즐기는 이들에게도 안성맞춤인 편안하고 품격 있는 외식을 제공한다. 세련된 인테리어와 감각적인 분위기는 식사 시간을 더욱 특별하게 만들어주며, 트렌디한 힙한 무드를 만끽할 수 있어 젊은 세대부터 다양한 연령층에 이르기까지 폭넓은 사랑을 받고 있다.
대표 메뉴인 새우장 정식과 양념게장 정식은 신선한 해산물의 깊은 맛을 담아내며, 각각의 개성이 돋보이는 풍미로 고객들의 입맛을 사로잡는다. 새우장 정식은 쫀득한 새우의 식감과 짭조름하면서도 깔끔한 간장의 조화가 돋보이며, 함께 제공되는 따끈한 밥과 찬들과 완벽한 밸런스를 이룬다. 양념게장 정식은 매콤달콤한 양념이 게살과 어우러져, 입맛을 돋우는 별미로 손색이 없다.
각 정식은 신선한 재료로 매일 정성스럽게 준비되며, 깔끔한 반찬들이 함께 제공되어 한 끼 식사로 영양도 맛도 충족시킨다. 밥, 국, 반찬의 정갈한 구성 덕분에 마치 집밥처럼 편안한 느낌을 주면서도 외식의 즐거움을 더해준다.
힙한 분위기 속에서 트렌디한 한식을 경험할 수 있는 이곳은 혼자서 여유롭게 식사하거나, 간단한 만남과 모임을 가지기에 제격이다. 혼밥 문화가 확산되는 요즘, 1인 정식으로 구성된 이곳은 새로운 외식 트렌드의 중심에 있다.
맛있고 편안한 정식 메뉴를 경험하고 싶다면 이곳에서 특별한 시간을 보내보시길.",,,전라남도 여수시 이순신광장로 189,,매주 목요일,,,,,,,,,,,,,,,,,,,,,,,,,,,,,,,,,,,,,,,,,,,,,,,,,,,,,,,,11:00 ~ 17:00 (라스트 오더 16:30),새우장정식,새우장정식 / 양념게장정식 / 보쌈정식 외,,,,,,,,,,,,,,,,,,,
5530,로스티아,"갯벌과 바다풍경이 아름다운 여수 돌산 앞 바다를 바라보며 카페와 다이닝을 즐기는 브런치 맛집이다. 잔디정원을 갖춰 애견동반이 가능하며 파란 하늘과 바다 그리고 바닷가 수국이 아름다운 카페이기도 하다. 영화 ‘잠적’, tvN 예능 ‘주말사용설명서’의 촬영 장소이다.
카페 내부는 1층, 2층으로 되어 있으며 야외정원이 있다. 카페 2층에는 바다 방향으로 빈백쇼파와 테이블을 배치해서 바다를 조망하면서 음료와 음식을 즐길 수 있다. 바다를 배경으로 야자나무 사이에 포토존과 그네를 설치하여 여수 바다의 풍경을 마음껏 즐길 수 있다. 간조와 만조때에 따라 카페 앞 바다 풍경이 달라지므로 원하는 경치를 보기위해 물때 시간을 확인하고 방문하는 것도 좋다.",,,전라남도 여수시 돌산로 3116,,연중무휴,가능,,,,,,,,,,,,,,,,,,,,,,,,,,,,,,,,,,,,,,,,,,,,,,,,,,,,,,,10:00~19:40 (마지막 주문 19:00),돌문어 샥슈카,차돌마라크림 리가토니 / 로스티아 돌문어버거 / 딱새우크림파스타 등,,,,,,,,,,,,,,,,,,,
5531,카페하녹,"딸들이 홍보하고 아빠가 잔디깎고 엄마가 운영하는 카페라는 문구를 앞세운 규모 있는 한옥카페이다. 본채와 별채, 정자에서 식음이 가능하고 넓은 야외공간이 있어 반려견이나 아이들과 함께 오는 가족단위 손님이 많이 방문하고 있다. 이곳의 대표 메뉴는 쉐낄라토와 하녹라떼인데 하녹라떼는 콩가루로 만든 인절미맛 라떼이다. 디저트의 종류는 달달한 팥과 프랑스산 고메버터, 다양한 토핑으로 새로와진 모나카, 가래떡 와플, 인절미 와플, 인절미 크로와플 등 한국적인 음식 재료와 서양의 음식재료를 섞어서 새로운 맛을 제공하고 있으며 약과 등 한국 전통 디저트 종류도 판매하고 있다. 본채에서는 주문과 식음이 가능하고 아이들 출입이 가능하나, 별채의 경우는 노키즈존으로 아이들과 반려동물의 출입이 불가하다.",,https://www.instagram.com/cafe.ha_nok,전라남도 담양군 창평현로 714-40,,매주 화요일,"가능
요금 (무료)",,,,,,,,,,,,,,,,,,,,,,,,,,,,,,,,,,,,,,,,,,,,,,,,,,,,,,,11:00~19:00 (마지막 주문 18:30),쉐낄라또,인절미 와플 / 인절미 크로와플 / 아메리카노 / 오미자 에이드 / 하녹라떼 등,,,,,,,,,,,,,,,,,,,
5533,향교길20카페,"나주 읍성 서성문 근처에 위치한 2층 규모의 한옥카페로 단아한 한옥 마당의 분위기와 차를 즐기며 힐링하기 좋은 곳이다. 쌍화차, 대추차등 전통차와 호박죽, 단팥죽과 크림치즈 약과쿠키, 찹쌀약과, 가래떡구이등 전통 디저트류가 인기이다. 카페에서 판매하는 음료에 사용되는 과일청은 주인이 직접 담는다고 한다.
마당으로 통하는 솟을대문을 들어서면 멋진 소나무를 보며 야외에서 차를 마시는 테이블이 놓여있고, 실내 1층에는 신발을 벗고 올라서는 마루 위 좌식테이블이 놓여 있다. 편안하게 다리를 펴고 앉아 들어열개문 통창으로 카페 마당을 보며 즐기는 차 한잔은 여유롭기까지 하다. 카페 2층으로 올라가면 월정봉을 배경으로 서성문이 보인다. 향교길 20 카페는 소모임과 파티, 원데이 클래스 진행도 가능하며 한옥 숙박 시설도 운영한다고 한다.
나주 곰탕거리와 도보 7분 거리에 근접해 있어 나주 곰탕으로 식사를 하고 나주 읍성과 서성문을 천천히 둘러보고 차 한잔을 즐기러 방문하기 좋다.",,,전라남도 나주시 향교길 22-1 (서내동),,네이버 / 인스타그램 공지,,,,,,,,,,,,,,,,,,,,,,,,,,,,,,,,,,,,,,,,,,,,,,,,,,,,,,,,11:00~18:00 (17:50 라스트 오더),쌍화차 / 대추차 / 수제연유라떼,커피류 / 라떼류 / 전통차 / 무설탕차 / 미니붕어빵 / 인절미와플 등,,,,,,,,,,,,,,,,,,,
5534,아모푸,"화양면에 위치한 대형 카페로 풀빌라도 같이 운영하고 있다. 건물이 서쪽을 바라보고 있기 때문에 석양이 아름다운 곳으로 여수 바다와 화양대교 뷰가 아름다운 카페이기도 하다. 좌석 어디든 오션뷰를 조망할 수 있도록 배치되어 있다. 카페 외관은 블루 그레이 컬러로 도색되어 있어 주변의 경관이 하나로 녹아들고 입구를 들어서면 벽면의 그래피티와 힙한 소품이 눈길을 끈다. 카페 내부는 노출 콘크리트 내벽과 파이프를 노출시키고 컬러감이 강렬한 패턴 쿠션과 원색의 소품, 그리고 우아한 커튼을 어색하지 않게 믹스 앤 매치하여 뛰어난 인테리어 감각을 보여준다. 루프탑에는 개방형 썬룸과 테이블이 놓여있어 여수 바다 바람과 해 질 노을을 커피 향과 함께 만끽할 수 있다.
아모푸는 스페셜티 커피전문점으로 원두도 입맛에 맞게 선택 가능하며 커피의 맛에 대해 상세한 설명을 들을 수 있어 아모푸의 커피 맛에 대한 자부심이 느껴진다. 아모푸의 시그니쳐 메뉴인 롱블랙 아메리카노는 기타 아메리카노보다 진한 맛과 향을 즐길 수 있다.
해가 지면 건물 외벽의 창 프레임 주변으로 노란 조명이 켜지며 이국적인 풍경을 선사한다. 이곳에서 연도교를 이용하여 바다 위를 드라이브하며 고흥까지 갈 수 있다.",,https://www.instagram.com/amofu_coffee,전라남도 여수시 화양면 화서로 43,,연중무휴,가능,,,,,,,,,,,,,,,,,,,,,,,,,,,,,,,,,,,,,,,,,,,,,,,,,,,,,,,10:00~19:00,롱블랙,카페라떼 / 카푸치노 / 바닐라빈 라떼 등,,,,,,,,,,,,,,,,,,,
5536,명가혜,"차로 가는 바른길이라는 의미의 명가혜[茗可蹊]는 한옥에서 즐기는 전통찻집이자 국근섭 씨와 김가혜 씨의 문화예술공간으로 민박을 할 수 있는 남도풍류체험(다도, 제다체험, 전통찻집, 한옥민박, 판소리, 대나무숲길체험) 공간이다. 세심하게 인테리어 되어 있지는 않지만 무심한 듯 정갈한 실내공간이 편안하게 다가온다. 세계 농업 유산 삼다리 대나무 숲에 명가혜가 있으며 유기농 대나무 밭을 직접 재배하며 우리나라의 전통문화와 차 문화를 널리 알리는 공간이다. 대숲의 차나무에서 채취한 차는 차 중에서도 으뜸으로, 대나무 이슬을 먹고 자란 야생녹차를 전통방식으로 제다한 수제 명차라고 하여 죽로차라고 한다. 국 씨 부부는 이곳에 다원을 조성하여 명가혜 죽로차를 만들기 시작했으며 특허받은 죽신차(죽신황금차)를 개발하였다.
명가혜에서는 민박도 운영하는데 낮에는 대숲을 걷기도 하고 마당에 누워 하늘멍을 때릴 수도 있다. 또한, 밤이면 국 씨 부부가 준비한 다도와 판소리와 춤을 체험할 수 있다. 집을 둘러싼 대나무에서 불어오는 청량한 바람소리와 마당 한켠에 나란히 놓여있는 항아리 장독대의 풍경을 바라보며 툇마루에서 즐기는 죽로차는 휴식 그 자체이다.",,,전라남도 담양군 담양읍 내다길 83-1,,매주 월요일,가능,,,,,,,,,,,,,,,,,,,,,,,,,,,,,,,,,,,,,,,,,,,,,,,,,,,,,,,13:00~19:00,죽로차 / 죽로홍차 / 죽신차,죽로차 / 죽신차 / 죽로홍차 / 뽕잎차 / 감잎차 / 쑥차 / 연잎차 / 떡차 / 단차 / 블랜딩차등,,,,,,,,,,,,,,,,,,,
5540,카페위로,"광주에서 1시간 거리에 잘 정리된 잔디밭과 바다전망이 가능한 카페 위로는 we와 路(길로)의 합성어이다. 기와지붕의 카페 건물 기와지붕 위로 뒷산의 완만한 스카이라인이 펼쳐지고 카페 앞의 키가 큰 소나무 두 그루가 군더더기 없이 깔끔하다. 도로변과 정원의 잔디 정원보다 약간 경사진 언덕 위 한옥 건물을 들어서면 모던한 현대식 실내 인테리어와 천장에 매달려 있는 조명이 한눈에 들어온다. 날씨가 좋은 날 카페 전면의 폴딩 도어를 오픈하면 카페의 공간은 바다를 향해 확장되며 시원한 개방감과 바다 풍경이 펼쳐지고 해가 지면 야외 정원에 조명이 켜지며 낭만적인 분위기로 바뀐다. 잔디 정원에는 파라솔과 그네, 테이블 등이 놓여 있어 야외에서 바다를 전망하며 차를 마실 수 있다. 봄이면 정원의 벚꽃이 활짝 피고 바다조망과 함께 산조망이 동시에 가능한 카페이다.
차량 이동 약 25분 거리 안에 제암산 휴양림, 대한다원 보성녹차밭이 있고, 도보 30분, 차량 5분 거리에 수문해수욕장이 있다.",,,전라남도 보성군 회천면 남부관광로 1671-8,,연중무휴,가능,,,,,,,,,,,,,,,,,,,,,,,,,,,,,,,,,,,,,,,,,,,,,,,,,,,,,,,10:30~20:30,아메리카노,대추차 / 딸기바나나쥬스 / 카페라떼 등,,,,,,,,,,,,,,,,,,,
5546,카페 영산나루,"250년 된 아름드리 팽나무가 커다란 정원을 압도하며 야생화와 연못과 데크로 이루어져 100명 이상의 야외 결혼식, 문화행사 등 가든파티가 가능한 장소이다. 동서양의 조화가 아름다운 전통찻집 성류정과 역사를 고스란히 가지고 있는 영산재, 영국에서 직접 공수한 유럽풍 앤티크 한 가구로 고급스러움을 살린 레스토랑 세인트리, 그리고 자연친화적 펜션인 나루재로 이루어진 복합문화 공간이다.
카페 영산나루는 잘 가꾸어진 넓은 정원과 황토색 지붕, 2층 테라스, 야외로 통하는 커다란 유리문 등이 마치 외국에 온 듯한 목가적인 풍경이다. 내부는 고풍스러운 앤티크 가구들과 소품, 조명들이 마치 햇빛이 잘 드는 유럽의 어느 고성에서 한가하게 차를 즐기는 분위기를 느낄 수 있게 한다. 밤이 되면 정원과 카페에 켜지는 노란 조명이 영산나루를 환상적인 장소로 탈바꿈해서 낮과는 또 다른 느낌으로 다가온다. 영산나루 영산재(동양척식 주식회사 문서고)에서는 티소믈리에 자격증반과 홍차클래스 취미반을 운영하고 있다.",,http://영산나루.com,전라남도 나주시 주면2길 28 (영산동),,매주 월요일,"가능
요금 (무료)",,,,,,,,,,,,,,,,,,,,,,,,,,,,,,,,,,,,,,,,,,,,,,,,,,,,,,,"- 10:30~21:00
- 준비시간 15:00~16:00
- 마지막 주문 20:30",수제 연탄 돈까스,수제 데미그라스 돈까스 / 페퍼로니 피자 / 쉬림프 로제 파스타 등,,,,,,,,,,,,,,,,,,,
5548,왕벚165,"왕인박사 유적지 인근에 위치한 현지인 추천 맛집이다. 항아리가 양옆으로 놓여있는 돌길을 따라 마당에 들어서면 옛날 가정집을 식당으로 개조한 왕벚165가 있다. 마당은 꽃들과 나무를 잘 가꾸어 잘 가꾸어진 우리 집 같은 편안한 분위기를 느낄 수 있다.
노출된 천정을 회벽으로 마무리하고 서까래를 노출하여 감성 있는 인테리어로 실내를 꾸몄다. 개방된 룸에 입식과 좌식 테이블을 놓아 단체 손님이나 가족 손님들이 호젓하게 식사가 가능하다. 왕벚165는 동충하초백숙이 유명하고 삼계탕과 닭볶음탕등 닭을 이용한 전통음식과 생선구이를 맛볼 수 있다. 대표 메뉴인 동충하초 백숙은 전복, 낙지 등 한약재료와 동충하초, 부추가 함께 요리된다. 밑반찬도 집에서 먹는 반찬처럼 간이 강하지 않아 깔끔하고 맛깔스럽다. 방문하기 전 예약은 필수이다.",,https://www.instagram.com/wangbeoj165,전라남도 영암군 서호면 왕인로 165,,매주 일요일,가능,,,,,,,,,,,,,,,,,,,,,,,,,,,,,,,,,,,,,,,,,,,,,,,,,,,,,,,10:00~21:00 (준비시간 14:00~17:00),동충하초백숙,엄나무백숙 / 황칠백숙 / 눈꽃치즈찜닭 등,,,,,,,,,,,,,,,,,,,
5549,서편제주막,"서편제 촬영지를 가려면 청산도 당리 쪽, 청산도 슬로길 1코스 길을 따라가면 서편제주막을 만날 수 있다. 겨울에는 운영을 하지 않고 유채꽃이 피는 슬로 걷기 축제 기간에 한시적으로 관광객들을 맞아 운영한다. 슬로 걷기 축제 기간이 유동적이므로 군청 홈페이지를 참조하여 방문하면 된다.
초가집 지붕에 돌벽으로 지어진 실내 공간과 청산도 바다를 조망할 수 있는 탁 트인 풍경을 보며 파전과 막걸리를 맛볼 수 있는 야외 공간이 있다. 특히, 청산도 전통 막걸리의 맛은 최고라고 극찬받는 주막 메뉴이다. 맛있는 음식도 먹고 봄에는 청산도 유채꽃밭 길을, 가을에는 코스모스 길을 산책할 수 있다.
서편제 주막에서는 우리나라 토종 마늘인 코끼리마늘을 이용한 쨈 등을 같이 판매하고 있으며 코끼리흑마늘을 이용하여 해물파전을 요리한다. 코끼리 마늘은 일반 마늘보다 아린 맛이 덜한 양파와 마늘의 중간 정도 되는 맛을 가지고 있다.",,,전라남도 완도군 청산면 청산로 132,,겨울철,"가능 (당리서편제길 입구 주차장)
※ 서편제주막 까지 도보 5분 거리",,,,,,,,,,,,,,,,,,,,,,,,,,,,,,,,,,,,,,,,,,,,,,,,,,,,,,,10:00 ~ 마감시간 유동적,코끼리흑마늘 해물파전,팥칼국수 / 전복야채전 / 도토리무침 / 군소무침 / 전복죽 등,,,,,,,,,,,,,,,,,,,
5551,그루비제이,"전남 영광군 법성포에 위치한 그루비제이는 매립지에 지어진 3층 규모의 카페이다. 1, 2층은 통창과 테라스로 되어 있어 개방감이 있고 3층은 대형 스크린 및 음향 시설이 구비되어 있어 회의실 등으로도 이용이 가능하다. 영광군 특산품인 새싹 보리를 이용한 라떼, 쿠키가 대표 메뉴이고 이외에 다양한 음료와 베이커리가 준비되어 있다. 넓은 잔디밭이 있어 아이들이 마음껏 뛰어놀 수 있고 애견 동반하여 즐기기에 충분하다. 쾌적하고 충분한 좌석으로 단체가 이용하기에도 좋다.",,,전라남도 영광군 법성포로3길 20-26,,매주 월요일,,,,,오늘 다녀왔어요! 굴비 거리에 식당은 많아도 카페는 안보였는데 이렇게 큰 카페가 생겼네요~ 대형카페치고 커피 가격이 합리적입니다. 평일에 방문하니 한적해서 넘 좋았어요. 음료 맛은 무난~하구요. 애견동반은 내부는 안되고 야외테이블만 가능합니다.^^ 이쁜 뷰카페인데 바다를 보면서 야경을 즐길수 있어 더 좋아요 밤하늘과 별을 아무 생각없이 멍때리며 보고싶네요 지인 추천으로 간 그루비제이. 카페 안도 이쁘지만 마당이라고 하긴 큰 잔디받은 넘 좋았어요. 아이들과 함께 갔는데 맘껏 뛰놀수 있어 아이가 넘 좋아하더라구요. 음식도 영양 가득한 새싹 보리를 이용한 제품이 있는데 항상 간식 먹을때마다 약간의 죄책감 같은게 드는데 여기서 먹음 음식은 그런거 없이 맛있게 먹었어요. 영광에 간다면 꼭 다시 가고 싶은 곳입니다. 굉장히 넓고 음료도 맛있어요 추천합니다. 깔끔하고 분위기 좋고 라떼도 맛있고 가족과 한번쯤 들러보면 좋을거같아요 창문이 커서 경치가 너무 예뻣어요 가보자,,,,,,,,,,,,,,,,,,,,,,,,,,,,,,,,,,,,,,,,,,,,,,,,,,,11:00~21:00,아포가토,아메리카노 / 아이스크림라떼 / 쿠키 외,,,,,,,,,,,,,,,,,,,
5552,카페 로드96,"전남 영광에 위치한 카페 로드96은 ‘대한민국 아름다운 길 100선’에 빛나는 백수해안 도로에 위치한 수영장 카페이다. 카페 내부는 통창으로 되어 있어 바다와 산을 모두 감상할 수 있으며, 카페 외부에는 야자수와 데크로 이루어져 마치 휴양지에 온듯한 느낌이다. 바다를 보며 수영을 즐길 수 있는 아주 이색적인 공간이며, 해가 지는 노을의 장관도 빼놓을 수 없는 곳이다. 단, 수영장 이용은 숙박을 이용하는 고객 또는 수영장 예약 고객에 한 해 이용할 수 있다.",,,전라남도 영광군 해안로 698-20,,연중무휴,가능,,,,저라면 이 가격이면 리조트 갑니다~~~,,,,,,,,,,,,,,,,,,,,,,,,,,,,,,,,,,,,,,,,,,,,,,,,,,,"- 월요일~토요일 11:00~20:30
- 일요일 10:00~20:00",로드커피,밤라뗴 / 수제 생자몽티 / 문경 오미자차 등,,,,,,,,,,,,,,,,,,,
5553,쿠잉롤,쿠잉롤은 전남 담양군에 위치한 디저트 카페로 담양의 유명한 관광지인 죽녹원 인근에 자리하였다. 이곳은 대나무를 좋아하는 판다를 테마로 한 카페로 내부 곳곳에 판다 인형 소품을 배치해두어 다양한 포토존을 즐길 수 있다. 또한 디저트에 대부분 판다의 모습이 표현된 메뉴가 제공되어 아이들과 함께 방문하기 좋다. 인기 메뉴로 온천을 즐기는 판다가 있는데 대나무 통 안에서 온천을 즐기는 판다의 모습을 표현한 디저트로 녹차 초콜릿 생크림이 가득 들어간 미니무스케이크이다.,,,전라남도 담양군 죽녹원로 91,,매주 월요일,가능 (공영주차장),,,,"엄청 귀여워. 꼭 한번 가 보고 싶어요. 가족 다 같이 가면 좋을 것 같아요 하천 둑방길을 따라 걷다, 죽 늘어선 국수집에서 막국수 먹고, 판다망고빙수로 디저트했어요. 그 옆에 꽃게살 비빔밥 을 하는 곳이 있네요. 다음에는 거기도 가보고 싶네요. 관방제림 길이 참이뻐서 거기 거닐다가 이 카페가서 시원하게 빙수먹으면 딱입니다 좋아요 죽녹원에가서 힐링하고 대나무 좋아하는 판다 인형과 시원한 판다빙수로 올여름 시원하게 보낼수 있겠어요 아까워서 먹지 못할만큼 귀여운 빙수 가족들과 함께 먹기 딱 입니다 날도 덥고 시원하게 음료 마시면서 쉬었다오기 딱이네요 요기 너무나 귀엽고 맛난먹거리랑 얘들 데리고가기도 딱좋은곳이예요 아이랑 함께 딱 좋아요!! 판다 좋아하는 아이랑 즐길거리 가득~~~추억 여행 강추 입니다. 푸바오광팬이라서 찾아가서 구경했는데 너무 좋아서 아이들이 방방 뛰네요 여름 휴가지로 강추합니다 시원하고 맛있겠어요^^",,,,,,,,,,,,,,,,,,,,,,,,,,,,,,,,,,,,,,,,,,,,,,,,,,,12:00~20:00 (라스트오더 19:30),판다망고빙수,온천을 즐기는 판다 / 판다 허니브레드 / 판다 얼굴 팥빙수 등,,,,,,,,,,,,,,,,,,,
5555,돌박사 나주점,"나주에서 황태설렁탕이 맛있는 맛집이다. 간판문구에 쓰여 있듯 사골 육수처럼 진하게 우려내어 담백하고 시원한 황태국물의 새로운 맛을 느낄 수 있다. 대표 메뉴는 황태설렁탕과 황태떡국이다. 밑반찬은 무말랭이, 고사리, 김치, 깍두기, 콩나물 등이 나온다. 기호에 맞게 곁들일 수 있도록 청량고추, 새우젓이 별도로 구비되어 있다. 국물은 일반 설렁탕이나 곰탕과 다르게 기름기 없이 굉장히 담백하다. 묵직하게 진하며, 간이 별도로 되어 있지 않다. 황태설렁탕안에는 황태, 파, 두부가 들어있다.",,,전라남도 나주시 재신길 8-9 (송월동),,매주 일요일,가능,,,,,,,,,,,,,,,,,,,,,,,,,,,,,,,,,,,,,,,,,,,,,,,,,,,,,,,11:00~19:00 (브레이크타임 14:00~17:00),황태설렁탕,황태떡국 / 오겹살,,,,,,,,,,,,,,,,,,,
5557,양푼이동태탕,"양푼이동태탕이라는 상호가 여러군데 있어 프랜차이즈로 오해를 받을 정도이다. 섞어탕(동태, 알, 곤이)이 가장 유명하여 많이 주문한다. 반찬은 6가지로 주로 나물위주로 나온다. 탕에는 여러 해산물들과 채소들이 들어 있어 국물이 시원하다. 또한 전라도에서 가장 맛있는 동태탕집으로 유명하며, 모든 재료는 손질부터 조리까지 직접 하는 곳이다. 따듯한 국물과 밥 한 공기가 생각나면 찾아가는 곳이다.",,,전라남도 나주시 풍물시장2길 40-2 (이창동) 1층,,매주 일요일,,,,,,,,,,,,,,,,,,,,,,,,,,,,,,,,,,,,,,,,,,,,,,,,,,,,,,,,10:00~20:00,섞어탕,알곤이찜 / 해물대구뽈찜 / 해물아귀찜 등,,,,,,,,,,,,,,,,,,,
5558,메주애꽃,"메주애꽃은 전남 나주 구도심에 위치한 두부요리 전문점이다. 국산콩으로 직접 만드는 수제두부 전문점이다. 메뉴는 두부전골, 두부보쌈 정식, 순두부, 청국장 등이 있다. 특이하게 색동두부로 맛볼 수 있다. 두부도 따로 구매가 가능하다. 입구를 들어서면 복도를 따라 쭉 걸어 나가 안쪽에 집 한 채가 나오는데 이곳이 식당이다. 내부는 넓고 좌석이 많으며 정감이 가는 모습이다. 점심특선은 알찬 구성에 저렴한 가격이다. 같이 나오는 보쌈과 돌솥밥의 색깔도 특이하게 노란색이다. 두부는 직접 만든 만큼 부드럽고 맛있다. 식사를 마친 후 정원도 있고 앉을자리가 있어 간단한 티 타임을 즐길 수도 있다.",,,전라남도 나주시 금성길 52,,연중무휴,불가능 (인근 공영주차장 이용),,,,,,,,,,,,,,,,,,,,,,,,,,,,,,,,,,,,,,,,,,,,,,,,,,,,,,,11:00~21:00 (브레이크 타임 15:00~17:00),두부보쌈,두부보쌈 / 모듬보쌈 / 두부전골 / 해물비지전 / 청국장 등,,,,,,,,,,,,,,,,,,,
5559,우리회관,곡성읍에 위치한 우리회관은 국내산 한우를 취급하는 고기맛집이다. 외관은 규모가 작아보이는듯하지만 내부로 들어서면 생각보다 큰 홀을 볼 수 있다. 이곳은 한우도 맛있지만 정갈한 반찬과 함께 탕류 또한 추천 메뉴이다. 생고기가 신선하고 내장탕도 서비스로 준다. 양도 넉넉해서 푸짐한 한끼를 즐길 수 있다.,,,전라남도 곡성군 중앙로 118,,,없음,,,,,,,,,,,,,,,,,,,,,,,,,,,,,,,,,,,,,,,,,,,,,,,,,,,,,,,전화 문의,삼겹살,우거지탕 / 돌솥비빔밥 / 생고기 / 꽃등심 / 갈비살 외,,,,,,,,,,,,,,,,,,,
5560,돌섬어부,"여수시 돌산대교를 지나 차로 15분 거리에 있는 '돌섬어부'는 신선한 국내산과 자연산 회를 취급하는 횟집이다. 가게 입구에는 깨끗하게 관리된 수족관과 갓 잡아 신선한 횟감들을 찾아볼 수 있다. 내부는 넓은 편으로 가족 단위 모임은 물론 단체 식사도 가능하다. 이곳의 주요 메뉴는 단연 자연산 제철 모둠회다. 인원수에 따라 주문하면 되는데, 각종 제철 모둠회와 해산물 반찬, 생선구이, 맑은탕이 준비된다. 이외에 식사 메뉴로는 게장 백반 정식과 갈치조림 정식, 생선구이 정식이 있다. 게장 백반 정식은 간장게장과 양념게장, 자연산 물회, 시래기 된장국, 누룽지가 푸짐한 한 상으로 나온다. 근처에는 돌산공원과 여수 해상 케이블카, 아쿠아 플라넷 여수점이 가까이 있어 함께 여행하기에도 좋다.",,,전라남도 여수시 강남6길 36,,연중무휴,가능(가게 인근 주차),,,,,,,,,,,,,,,,,,,,,,,,,,,,,,,,,,,,,,,,,,,,,,,,,,,,,,,"11:30 ~ 21:00
브레이크타임 15:00~17:00",제철 자연산 회 (小/中/大/특大)SET / 제철 자연산 물회 / 생선구이+간장게장SET(2인 이상),자연산 회덮밥(1인분) / 자연산 물회(1인분) / 게장백반정식(2인 이상) 등,,,,,,,,,,,,,,,,,,,
5561,도리옥선,"도리옥선은 전남 순천에 위치한 한식당으로 남도의 식재료를 활용한 전통 한식과 다양한 전통주를 제공한다. 주요 메뉴로는 주꾸미 비빔밥, 주꾸미 직화 볶음, 순천꼬막미나리파전 등이 있으며 계절에 따라 메뉴가 변경되어 제철 식재료의 맛을 즐길 수 있다. 인테리어는 현대적이면서도 한국적인 요소를 가미하여 편안하고 세련된 분위기를 연출한다. 2층 규모의 건물로, 1층은 일반 식사 공간, 2층은 단체 모임이나 특별한 날을 위한 프라이빗한 공간으로 구성되어 있다. 도리옥선은 순천의 새로운 맛집으로 주목받고 있으며, 정원박람회 근처에 위치해 관광객들에게도 인기가 높다.",,https://www.instagram.com/dorioksun_,전라남도 순천시 팔마1길 9-9 (연향동) 1층,,연중무휴,가능,,,,불향이 가득한 쭈꾸미가 참 맛있겠네요. 순천 여행의 코스로 좋겠습니다 쭈꾸미를 괴골이라고도 하죠? 샤브샤브도 좋아하지만 불맛향을 입힌 쭈꾸미도 맛있을 듯요. 시골이 전라도라 내려가면서 먹어봤는데 적당한 매운맛에 맛있었어여,,,,,,,,,,,,,,,,,,,,,,,,,,,,,,,,,,,,,,,,,,,,,,,,,,,"- 11:00~21:30
- 준비시간 15:00~17:00
- 마지막 주문 20:30",쭈꾸미직화볶음,쭈꾸미삼겹직화볶음 / 산낙지해물갈비탕 / 순천꼬막미나리파전 등,,,,,,,,,,,,,,,,,,,
5562,나눌터,"나눌터는 순천만 국가정원 근처에 있는 도토리 요리 전문점이다. 따뜻함이 느껴지는 벽돌집에 창문에는 커다랗게 프린트된 도토리 그림, 나무로 된 인테리어로 마치 어느 숲속의 집에 온 기분을 느끼게 한다. 나눌터라는 이름 역시 정겨운 음식과 더불어 사랑과 행복 등의 감정을 모두 함께 나누어 가지는 공간이라는 뜻의 음식점으로, 도토리를 활용해 만든 요리를 메인으로 한다. 토속전과 묵무침, 묵 보쌈, 도토리 탕수 등을 코스처럼 즐길 수 있게 했다. 또한, 검은깨 도토리로 만든 수제비인 흑임자탕과 들깨 도토리로 만든 수제비도 이곳에서만 즐길 수 있는 시그니처 요리다. 표고버섯 탕수와 도토리 쟁반국수도 독특한 식감과 감칠맛 있는 소스로 인기 있는 메뉴이다. 전용 주차장은 따로 없으며, 주변에 무료 공용 주차장에 주차하면 된다.
※ 반려동물 동반불가",,,전라남도 순천시 팔마1길 4,,매주 목요일,있음,,,,순천에 방문하는 손님들 대접하러 꼭 가는 식당입니다. 흑임자탕이 정말 고소해서 남녀노소 다 좋아하는 메뉴입니다.,,,,,,,,,,,,,,,,,,,,,,,,,,,,,,,,,,,,,,,,,,,,,,,,,,,11:00 ~ 21:00 (브레이크타임 15:30 ~ 17:00 / 라스트 오더 20:30),다람쥐 세트 (임자탕),"흑임자탕, 도토리묵무침, 도토리냉묵밥",,,,,,,,,,,,,,,,,,,
5563,유람선회센터 새조개 하모샤브샤브,"‘유람선회센터 새조개 하모샤브샤브’는 여수의 유명 관광지인 크루즈 선착장 근처에 있는 생선 요리 전문점이다. 내부는 넓고 깔끔한 편이며, 테이블이 길쭉하게 배치되어 있어 단체 회식이나 가족 모임을 즐기기에도 좋다. 이곳의 대표적인 요리는 하모라고 불리는 갯장어 샤부샤부 요리다. 하모(갯장어)는 남해에서 잡히는 고급 어종으로 수도권에서는 접하기 어려워 여수에서 맛볼 수 있는 특산품이다. 팔팔 끓는 육수에 살짝 데쳐 갓김치와 데친 깻잎에 싸 먹으면 별미를 맛볼 수 있다. 또한, 회 센터답게 기본으로 깔리는 반찬 메뉴들이 훌륭하다. 갓 잡은 활어회뿐만 아니라 멍게, 문어, 새우, 전복, 소라 등이 반찬으로 나오고, 입맛을 돋우기 좋은 해조류 무침과 회무침, 물회 등도 반찬으로 준비된다. 이외에도 모둠회를 포함해 돌돔, 감성돔, 우럭, 해물 모둠, 참돔, 광어 등을 판매한다.
※ 반려동물 동반 가능",,,전라남도 여수시 돌산로 3617-19,,연중무휴,가능,,,,,,,,,,,,,,,,,,,,,,,,,,,,,,,,,,,,,,,,,,,,,,,,,,,,,,,11:00 ~ 22:00 (라스트오더 21:00),하모 샤브샤브,새조개 샤브샤브 / 자연산 회 / 물회 / 회덮밥 등,,,,,,,,,,,,,,,,,,,
5564,서울식당,"서울식당은 일출과 일몰이 유명한 여수 향일암 바로 앞에 있는 백반집이다. 아침 일찍 영업을 시작해 일출을 보고 내려오면서 든든하게 아침 식사를 할 수 있다. 정겨운 손맛과 푸짐한 상차림으로 관광객은 물론 현지인들도 즐겨 찾는다. 매장은 안쪽으로 자리가 넓어 여러 명이 단체 회식도 가능하다. 대표 메뉴는 게장백반과 된장찌개백반 2가지로 단출하다. 게장백반에는 해물 된장찌개와 다양한 밑반찬과 더불어 양념게장과 간장게장이 함께 나오며, 된장찌개백반에는 게장이 나오지 않는다. 반찬들은 모두 서울 식당만의 손맛이 느껴지는 반찬들로, 콩나물무침, 멸치볶음, 시금치무침, 갓김치 등이 한 상을 가득 메운다. 해물 된장찌개 역시 재료가 푸짐하며, 속이 풀리는 깊은 맛이다. 백반에서 맛볼 수 있던 간장게장, 양념게장, 갓김치는 포장과 택배 판매도 진행하니 참고하면 좋다.
※ 반려동물 동반 불가",,https://smartstore.naver.com/dolsangatkimchi,전라남도 여수시 향일암로 70-1,,연중무휴,공용 주차장 이용,,,,,,,,,,,,,,,,,,,,,,,,,,,,,,,,,,,,,,,,,,,,,,,,,,,,,,,"07:00 ~ 18:00
17:30 라스트오더",게장백반,순두부 된장찌개,,,,,,,,,,,,,,,,,,,
5565,The미주농원120,"'The 미주농원 120은 닭을 이용해 특별한 레시피로 코스 요리를 내는 한식당이다. 순천의 유명한 관광지인 순천만 습지와 낙안읍성 사이에 있는 곳으로, 두 관광지 모두 차로 20분 거리에 있어 연계해서 여행하기 좋다. 식당은 조용한 숲속에 있는데, 마치 개인 별장을 찾은 듯한 느낌을 준다. 실내는 넓은 편이며 인테리어가 모던하고 정갈해 여느 고급 레스토랑 못지않은 분위기를 풍긴다. 대표 메뉴는 순천 닭 코스 요리인데, 마늘 양념 닭구이를 시작으로 화덕 귀리 떡갈비, 닭 날개 간장치킨, 매콤한 불닭, 녹두 닭죽과 닭무침이 감각적인 플레이팅과 함께 나온다. 기본 반찬으로 나오는 두부 크림치즈 샐러드와 연근 아시아 샐러드, 토마토 마리네이드와 물 초장 등 이곳에서만 맛볼 수 있는 색다른 요리들이다. 식사 후에는 테라스에서는 생맥주를 판매해, 식사 후 자연을 바라보며 여유를 즐길 수도 있다.
※ 반려동물 동반불가",,,전라남도 순천시 상사호길 120 미주농원,,수요일,있음(무료),,,,기본반찬부터 맛에 진심이 담긴 곳입니다 닭요리는 말할것도 없고 세련된 실내로 기분이 조릏아지네여,,,,,,,,,,,,,,,,,,,,,,,,,,,,,,,,,,,,,,,,,,,,,,,,,,,"11:00 ~ 22:00 (브레이크타임 15:00 ~ 17:00)
※ 20:30 라스트오더",순천 닭코스요리,"버섯누룽지 오리, 녹두누룽지 닭백숙",,,,,,,,,,,,,,,,,,,
5566,은하횟집,"여수 은하횟집은 돌산도 계동항 입구에 있는 30년 전통의 가성비 횟집이다. 합리적인 가격에 여러 가지 싱싱한 제철 활어를 맛볼 수 있다. 가게 앞에 놓인 수족관의 활어들을 직접 볼 수 있으며, 날마다 질 좋은 생선들로 채워놓아 싱싱함을 확인할 수 있다. 기본 밑반찬은 여수 특산물인 갓김치와 게장을 포함해 꼬시래기, 전복, 소라, 멍게, 조개탕 등 알찬 메뉴들로 구성되어 있다. 특히, 함께 나오는 조개탕은 국물이 진하고 크고 통통한 조갯살이 맛이 좋다. 해산물 역시 신선해 특유의 비린 맛이 없고 본연의 향을 맛볼 수 있다. 주메뉴인 회는 따로 정해져 있지 않고, 당일의 싱싱한 생선들로 구성되어 나온다. 식사 끝에는 매운탕이 준비되는데 이 역시 조미료가 아닌 주인장의 손맛이 느껴지는 맛이다. 저렴한 가격 대비 질 좋은 음식으로 관광객은 물론 현지인들도 많이 찾는 맛집이다.
※ 반려동물 동반 불가",,,전라남도 여수시 계동해안길 39-5,,연중무휴,있음 / 주차요금 없음,,,,,,,,,,,,,,,,,,,,,,,,,,,,,,,,,,,,,,,,,,,,,,,,,,,,,,,11:30 ~ 21:00 (브레이크 타임 15:00 ~ 17:00),활어회,"매운탕, 갈치조림, 생선구이",,,,,,,,,,,,,,,,,,,
5567,거북선횟집 새조개하모샤브샤브,"여수시 돌산 시내에 있는 거북선횟집은 새조개, 하모 샤부샤부와 자연산 회를 판매하는 해산물 식당이다. 35년이 넘는 세월 동안 아버지부터 아들까지 2대째 운영 중이며, 배를 운영하는 선주 직판 자연산 횟집으로 더욱 신선한 회를 맛볼 수 있다. 밑반찬은 낙지 호롱이부터 전복, 새우, 과일까지 준비되어 있다. 제철 모둠회 외에도 거북선횟집에서는 갯장어를 데쳐 먹는 하모 샤부샤부를 맛볼 수 있다. 무와 대추, 파 등을 함께 넣고 끓인 시원한 국물에 신선한 갯장어를 데친 후 소스와 데친 깻잎과 즐기면 된다. 느끼하지 않고 건강한 맛으로 여수에서 만날 수 있는 특별한 여름 보양식이다. 근처에는 여수 돌산공원과 여수의 대표 관광지인 해상케이블카, 여수 아쿠아플라넷 등이 있어 함께 여행하기에도 좋다.",,,전라남도 여수시 강남동로 13,,연중무휴,가능 / 주차요금 없음,,,,,,,,,,,,,,,,,,,,,,,,,,,,,,,,,,,,,,,,,,,,,,,,,,,,,,,10:00 ~ 21:30,새조개 샤브샤브,새조개+회 세트,,,,,,,,,,,,,,,,,,,
5568,리비에르,"리비에르는 순천 옥리단길 부근에 있는 예쁜 브런치 카페다. 깊은 바다를 연상시키는 파란색과 하얀색이 어우러져 마치 그리스에 온 듯한 이국적인 분위기다. 잘 관리된 마당에는 테이블과 파라솔이 마련되어 있고 근처에 계곡이 있어 시원한 물소리를 들으며 휴식을 즐길 수 있다. 내부는 넓은 편이며 테이블과의 간격이 넓어 쾌적하다. 주문은 자리에 비치된 테이블 PC를 통해 비대면으로 주문하며, 서빙은 로봇이 한다. 메뉴는 샐러드와 샌드위치, 파스타와 피자, 덮밥 등 다양한 브런치 메뉴가 있다. 듬뿍 들어간 치즈와 약간의 매콤한 맛이 느끼하지 않은 에그인 헬과 새우, 삼겹살, 구운 고구마 등 양이 푸짐한 샐러드가 인기가 좋다. 이 외에도 크림 브륄레 라테와 인연 라테 등의 커피류와 홍차류, 수제 차, 에이드 등 다양한 음료 메뉴가 있다.
※ 반려동물 동반불가",,https://www.instagram.com/sc.riviere,전라남도 순천시 서문교길 10 브런치마켓 1층,,연중무휴,없음 (주변 골목주차 가능),,,,,,,,,,,,,,,,,,,,,,,,,,,,,,,,,,,,,,,,,,,,,,,,,,,,,,,"매일 10:00 ~ 20:30
19:00 라스트오더",콥 샐러드,"명란아보카도덮밥, 퀴노아닭다리살",,,,,,,,,,,,,,,,,,,
5569,정가네갓갈치조림게장,"정가네 갓갈치조림게장은 여수 돌산공원에서 도보로 10분 거리에 있는 갈치 요리 전문점이다. 여수의 주요 관광지들과 접근성이 좋으며, 여수의 특산품인 갓과 게장, 싱싱한 갈치를 맛볼 수 있어 관광객에게 인기가 많다. 대표적인 메뉴는 갓 갈치조림 정식으로 갈치 조림과 간장게장, 양념게장, 방풍 김이 포함된 정식이다. 특히 여수 방풍 김은 식당에서 직접 개발한 제품으로, 이곳에서만 맛볼 수 있다. 김에 방풍나물 분말을 첨가해 짜지 않고 바삭바삭한 것이 특징이다. 따로 포장 판매도 하고 있어 식사 후에 제품을 구입해 가는 사람들도 많다. 또한, 갈치 조림에는 여수 특산물인 ‘갓’이 들어가 있는데, 큼직한 갈치 토막과 매콤한 양념, 갓이 어우러진 맛이 일품이다. 주변에는 여수 해상 케이블카와 낭만포차 거리, 여수 아쿠아리움 등이 가까워 함께 여행하는 것을 추천한다.
※ 반려동물 동반 불가",,,전라남도 여수시 진두해안길 68 1층,,연중무휴,있음 / 주차요금 없음,,,,,,,,,,,,,,,,,,,,,,,,,,,,,,,,,,,,,,,,,,,,,,,,,,,,,,,"- 평일 10:00~20:00
- 주말 09:00~20:00",정가네 갓 갈치조림,"정가네 갈치구이, 정가네 게장백반정식, 서대회무침",,,,,,,,,,,,,,,,,,,
5570,앤드로이,"돌산대교를 건너 돌산 근린공원을 지나면, 화이트 톤의 3층 가정집 스타일의 건물을 찾을 수 있다. 그곳이 바로 브런치가 맛있는 분위기 좋은 반려견 동반 카페, 앤드로이다. 1층을 브런치 카페로 운영하고 있는데 예쁜 마당과 아기자기한 인테리어로 많은 이들의 사랑을 받고 있다. 내부는 화이트와 원목으로 깔끔하게 꾸며진 모습이며, 군데군데 노란색으로 포인트를 주어 귀여운 분위기를 자아낸다. 메뉴는 토스트와 파니니, 파스타, 리소토, 피자 등 가볍게 식사할 수 있는 메뉴들이 있고, 음료 역시 다양하다. 커피와 크림 커피, 카페인이 들어가 있지 않은 라테류, 아이스티, 에이드 그리고 맥주도 판매한다. 앤드로이는 반려견과 동반할 수 있으나 목줄 착용이 필수이며, 수컷의 경우 매너 벨트를 착용해야 한다.
※ 반려동물 동반 가능",,https://blog.naver.com/androy2,전라남도 여수시 강남10길 45 1F,,매주 화요일,"가능
요금 (무료)",,,,,,,,,,,,,,,,,,,,,,,,,,,,,,,,,,,,,,,,,,,,,,,,,,,,,,,"일요일~월요일 09:30~17:00 (라스트오더 16:00)
수요일~토요일 09:30~18:00 (라스트오더 17:00)",불고기로제파스타,바닐라프렌치토스트 / 불고기로제리조또 / 크림리조또 / 햄치즈파니니세트 등,,,,,,,,,,,,,,,,,,,
5571,커피천사,"신안 지도읍에 위치한 커피천사는 카페에서 바라보는 바닷가 뷰가 아름다운 카페이다. 해 질 녘이 특히 아름다우며 넓은 테라스가 있다. 카페가 위치한 지도읍은 육지와 다리로 연결돼 있어서 드라이브 코스로 접근성이 좋다. 인근에 신안 젓갈타운, 거북섬 생태 탐방로 같은 명소들이 있어 여행 코스로 들르기에도 좋다.
커피천사에서는 커피만 마시는 게 아니라 다양한 문화생활을 즐길 수 있다. 카페에서는 매주 음악 공연, 영화 상연, 전시 등 문화 예술이 펼쳐진다. 매장 내부에서는 신안 바다가 가까이 보이며 다양한 음료와 와인, 위스키도 즐길 수 있고 매월 마지막 주에는 섬에서 나오는 귀한 식재료를 이용한 음식과 음악을 즐길 수 있는 디너콘서트도 있어 해 질 녘의 바다 뷰와 함께 신안의 진미와 아름다운 음악을 즐길 수 있는 특별한 경험을 선사한다.",,,전라남도 신안군 지도읍 해제지도로 1283-24,,매주 일요일,가능,,,,,,,,,,,,,,,,,,,,,,,,,,,,,,,,,,,,,,,,,,,,,,,,,,,,,,,월요일~토요일 11:00~17:00,아메리카노,카페라떼 / 국화차 / 레몬차 / 딸기라떼 / 요거트 스무디 등,,,,,,,,,,,,,,,,,,,
5572,나래밥상,"나래밥상은 30년 전통의 여수 나래식품에서 직영으로 운영하는 식당이다. 여수 10대 진미인 간장게장과 양념게장 그리고 생선구이를 시작으로 서대회무침, 멍게비빔밥 등 다양한 메뉴를 판매하고 있다. 계절 메뉴로는 싱싱한 제철 생굴을 제공하며, 아침에 방문하면 황태해장국을 맛볼 수 있다. 매장은 매우 큰 규모에 깔끔하게 운영되고 있으며, 주차장도 넓어서 단체 식사를 하기에도 좋은 곳이다. 대표적인 메뉴는 간장 꽃게장이다. 큼직하고 속이 꽉 찬 꽃게에 고추 등을 올려 눈과 입이 모두 즐거운 한 상이 나온다. 포장, 택배도 가능하며, 식사 메뉴 이외에도 밑반찬, 지역 특산물 또한 구매할 수 있다. 무슬목 유원지와 여수 예술랜드가 근처에 있어 식사 후 함께 여행해 보는 것을 추천한다.",,https://blog.naver.com/naraefood8666,전라남도 여수시 돌산로 2940,,매주 수요일,가능(무료),,,,여수 간장 게장 유명해서 갔더니 너무 맛있어서 무조건 가야하는 곳이에요. 게장 좋아하는 분 꼭 강추합니다 괜찮아요.,,,,,,,,,,,,,,,,,,,,,,,,,,,,,,,,,,,,,,,,,,,,,,,,,,,"주중 09:00~17:00
- 라스트오더 16:00
주말 09:00~19:00
- 라스트오더 18:00
※ 브레이크타임 없이 운영",간장돌게장 정식,"간장꽃게장 정식, 양념꽃게장, 생선구이",,,,,,,,,,,,,,,,,,,
5573,청수당여수,"청수당여수는 여수시 고소동 벽화마을에 있는 일본풍의 고즈넉한 카페다. 카페로 들어가는 입구에는 우거진 대나무와 나무 조명으로 장식이 되어 있고, 작은 연못이 있어 감성적인 분위기를 자아낸다. 건물은 4층 규모로, 1층은 주문하는 곳으로 운영하며 2층에는 베이커리와 테라스가 있는 좌식 공간, 3층은 테라스가 있는 테이블 공간, 4층 루프탑으로 이루어져 있다. 층마다 인테리어는 조금씩 다르지만, 모두 자연을 느낄 수 있는 돌과 식물을 이용해 휴식이라는 통일된 주제를 가지고 있다. 메뉴는 폭신한 식감의 여러 가지 맛 카스텔라가 대표적인 디저트이며, 커피와 과일 차, 말차 등의 메뉴가 있다. 쑥우유와 쑥 크림 우유, 쑥 밀크티 메뉴도 있다. 주변에는 이순신 광장과 여수 해양공원 등이 있어 함께 여행하기 좋다.
※ 반려동물 동반 불가",,https://www.instagram.com/cheongsudang_yeosu,전라남도 여수시 고소3길 49,,연중무휴,없음,,,,,,,,,,,,,,,,,,,,,,,,,,,,,,,,,,,,,,,,,,,,,,,,,,,,,,,"11:30 ~ 21:00
라스트오더 20:00",오리지널 수플레 카스테라 / 딸기 프로마주 케이크 / 홍차 크림 우유,딸기 수플레 카스테라 / 홍차우유 / 말차 크림 우유 / 쑥 수플레 카스테라 등,,,,,,,,,,,,,,,,,,,
5574,어장군횟집 새조개 하모샤브샤브,"돌산도에 있는 어장군 횟집은 여수의 제철 해산물을 맛볼 수 있는 대형 생선회 전문점이다. 주방장이 유명 호텔의 셰프 출신이어서 반찬들이 모두 퀄리티가 좋으며, 신선한 회와 해물로 현지인들에게도 인기가 좋은 곳이다. 여수 종화동에 있던 매장이 돌산읍으로 확장 이전하면서 관광객들의 발길도 많아졌다. 매장은 크고 넓으며, 개별 방도 있어 단체 모임이나 회식을 하기에도 적합하다. 또한, 개방형 주방 형태로 되어 있어 신선한 회를 해체하거나 조리하는 모습을 직접 볼 수 있다. 메뉴는 활어회와 장어구이가 나오는 2종 세트와 활어회, 계절 메뉴, 장어구이가 나오는 3종 세트가 대표적이다. 계절에 따라 여름과 가을에는 여수의 대표 메뉴인 하모 샤부샤부를, 겨울에는 탱글탱글한 새조개 샤부샤부를 판매한다. 주변에는 여수 해상케이블카와 돌산공원이 가까워 함께 여행하는 것을 추천한다.
※ 반려동물 동반 불가",,https://blog.naver.com/a6669898,전라남도 여수시 돌산로 3562,,매주 화요일 정기 휴무,있음 / 주차요금 없음,,,,,,,,,,,,,,,,,,,,,,,,,,,,,,,,,,,,,,,,,,,,,,,,,,,,,,,11:00 ~ 22:00 (브레이크 타임 15:00 ~ 16:30),활어회,"하모 샤부샤부, 새조개 샤부샤부",,,,,,,,,,,,,,,,,,,
5576,엑스포해물예찬,"엑스포 해물예찬은 여수 돌산대교를 지나 돌산 나루터 근처에 있는 해물 요리 전문점이다. 40년 가까이 여수에서 수산물을 취급한 가게 주인의 안목으로 품질 좋고 신선한 해산물을 공급받아 해물 삼합과 해물전골, 해물 샤부샤부 등의 다양한 메뉴들을 제공하고 있다. 가장 대표적인 메뉴는 해물 삼합으로, 여수돌문어, 오징어, 가리비, 전복, 관자 등 귀한 재료가 아낌없이 들어간다. 또한, 여수에서 맛볼 수 있는 갯장어(하모) 샤부샤부와 커다랗고 씹는 맛이 좋은 새조개 샤부샤부 등의 메뉴도 인기가 좋다. 밑반찬 역시 여수 갓김치와 돌게장, 낙지 호롱이, 피조개 무침 등이 나와 여수의 풍성한 한상차림을 만나볼 수 있다. 근처에는 돌산대교 유람선과 돌산 공원이 있어 여수 여행을 계획하고 있다면 함께 들러보는 것을 추천한다.
※ 반려동물 동반 불가",,https://blog.naver.com/expo0258,전라남도 여수시 진두해안길 68 2층 204호,,연중무휴,가능,,,,,,,,,,,,,,,,,,,,,,,,,,,,,,,,,,,,,,,,,,,,,,,,,,,,,,,"09:30 ~ 21:30
※ 평일 손님이 적을 경우 마감 시간이 앞당겨 질 수 있음",해물삼합,"해물전골(해물탕), 새조개샤브샤브, 하모샤브샤브",,,,,,,,,,,,,,,,,,,
5577,세아네과일&카페,"세아네 과일 & 카페는 여수 돌산도에 있는 생과일주스와 빙수 전문점이다. 과일 가게와 카페를 함께 운영하는 것이 특징으로, 순천 도매시장에서 직접 경매를 통해 과일을 가져와 종류도 많고 신선도가 높다. 덕분에 많은 종류의 싱싱한 과일들을 즉석에서 갈아 과일 본연의 맛을 가장 잘 맛볼 수 있다. 세아네 카페에서 가장 유명한 메뉴는 생과일 빙수다. 사계절 판매하는 이 메뉴는 직접 방문 예약을 통해서만 만날 수 있다. 미리 가게에서 시간대를 예약하고, 해당 시간에 방문하면 먹을 수 있는 시스템이다. 생과일 빙수에는 과일 종류로만 20가지 넘게 들어가며, 높게 쌓아 올린 과일 안에는 달콤한 우유 빙수와 팥이 있다. 주변에는 몽돌 해변과 해양 수산 과학관이 있어서 연계하여 여행하기에 좋다.
※ 반려동물 동반 불가",,,전라남도 여수시 강남9길 46,,연중무휴,없음,,,,여수 갔다 소문듣고 찾아갔는데 과일빙수는 예약해야 해서 기다렸다 먹었어요~~^^ 과일도 여러종류로 너무 팒이 들어있고 양도 푸짐했어요~~^^ 맛도 있어서 둘이 거의다 먹었어요~~^^ 여수 가시면 한번 들리시는 것도 좋아요~~,,,,,,,,,,,,,,,,,,,,,,,,,,,,,,,,,,,,,,,,,,,,,,,,,,,"10:00 ~ 19:00, 일 10:00~17:00",생과일 빙수,생과일 주스,,,,,,,,,,,,,,,,,,,
5578,늘푸른식당 게장백반,"늘푸른식당 게장백반은 봉산 게장거리에 있으며, 여수 엑스포역에서는 차로 10분 거리에 있는 생선구이와 게장 정식 전문점이다. 여수 토박이 음식점 경력 12년 차인 사장님이 운영하며, 매장에서 나오는 모든 반찬을 직접 만들어 특유의 손맛을 느낄 수 있는 곳이기도 하다. 푸짐한 양과 맛 덕분에 현지인들도 즐겨 찾는다. 메뉴는 생선구이 정식과 갈치조림 정식이 대표적이다. 두 메뉴 모두 간장게장과 양념 돌게장이 포함되어 나온다. 전라도의 푸짐한 인심만큼 밑반찬도 매우 풍성하며, 생선구이 주문 시에는 먹갈치, 참조기, 전복, 고등어 등 다양한 생선이 제공된다. 함께 나오는 돌게장은 살이 꽉 차 있고, 집게발도 먹기 좋게 잘려져 있다. 구수한 누룽지로 입가심하면 배부른 한 끼 식사가 완성된다. 주변에는 여수 해상케이블카와 이순신광장 등이 있어 함께 여행해 보는 것을 추천한다.
※반려동물 동반 가능",,https://blog.naver.com/kmjmj4276,전라남도 여수시 봉산남8길 14,,연중무휴,불가능,,,,,,,,,,,,,,,,,,,,,,,,,,,,,,,,,,,,,,,,,,,,,,,,,,,,,,,06:00~21:00 (20:00 라스트오더),꽃게장 정식,생선구이 정식 / 갈치조림 정식 / 돌게장 정식 등,,,,,,,,,,,,,,,,,,,
5579,진번칼국수,"전남 신안군 안좌도에는 온통 보라색으로 물들인 이색적인 관광지가 있다. 바로 퍼플섬이다. 보라색 옷과 소품을 챙겨가면 입장료를 면제받을 수 있을 정도로 독특한 콘셉트를 자랑하는 이곳에 보라색 메뉴들을 선보이는 식당이 있다. 퍼플교 입구 가까이에 보라색 건물, 바로 진번 칼국수다. 이곳은 팥칼국수부터 제육볶음, 탕탕이까지 다양한 종류의 특산 메뉴를 취급한다. 그중에서 대표 메뉴는 전복 칼국수다. 커다란 냄비에 전복이 통째로 들어가 있어 보기만 해도 군침이 도는 비주얼을 자랑한다. 비트를 사용해서 만든 보라색 칼국수 면이 이곳만의 특징이다. 깊은 맛을 내는 육수에 들어있는 풍성한 야채와 시원한 국물이 일품이다. 이외에도 담백하고 걸쭉한 팥 고유의 맛이 잘 느껴지는 팥 칼국수도 인기가 좋다.",,,전라남도 신안군 소곡두리길 319,,연중무휴,있음(무료),,,,,,,,,,,,,,,,,,,,,,,,,,,,,,,,,,,,,,,,,,,,,,,,,,,,,,,매일 10:00 ~ 19:00 (재료 소진시 조기 마감),전복칼국수,"팥칼국수, 제육볶음",,,,,,,,,,,,,,,,,,,
5580,다담골숯불갈비 여수점,"다담골숯불갈비 여수점은 여수의 신도시인 웅천에 자리한 곳으로, 매장이 넓고 쾌적해 관광객은 물론 현지인들도 단체 식사로 즐겨 찾는 갈비 전문점이다. 황칠 돼지갈비와 목살구이가 가장 인기가 좋으며, 이외에도 지리산 흑돼지 마늘 오겹살과 소 생갈비 구이도 인기 메뉴다. 고기 메뉴를 시키면 소 내장탕과 달걀찜을 포함해 총 10가지 이상의 밑반찬이 나오며, 모두 맛이 좋아 만족도가 높은 편이다. 푸짐한 한 상 차림과 훌륭한 맛뿐만 아니라 여수 바다가 한눈에 보이는 오션뷰 전망도 이 집만의 매력이다. 식당 바로 앞에는 웅천친수공원과 여수 장도 근린공원이 있어 바다와 공원을 두루 감상할 수 있다.",,,전라남도 여수시 예울마루로 37-53,,연중무휴,있음/주차요금 없음,,,,,,,,,,,,,,,,,,,,,,,,,,,,,,,,,,,,,,,,,,,,,,,,,,,,,,,11:00~22:00,황칠돼지갈비목살,마늘돼지갈비,,,,,,,,,,,,,,,,,,,
5581,여수돌게빵,"여수 돌게빵은 게장으로 유명한 봉산 게장 거리에 있는 수제빵 전문점으로 여수에 가면 꼭 맛봐야 할 재미있는 간식거리다. 여수의 특산품인 돌게를 한 입 크기의 사이즈로 만들고 그 안에 팥 또는 슈크림을 넣어 달콤하게 만들었다. 귀여운 모양 덕분에 인스타그램에서는 돌게빵 인증 열풍이 불기도 했을 정도다. 매장을 방문하지 않아도 전국으로 택배 배송이 가능하고, 매장을 방문했다면 선물용 포장도 할 수 있어 여수 기념 선물로 구매하기에도 좋다. 만약 5봉지 이상 단체 주문 시에는 예약하는 것을 추천한다. 매장은 작은 편이며, 매장 안쪽에 두 테이블 정도 앉아서 커피를 마실 수 있는 공간이 마련되어 있다. 이곳에서 판매하는 음료는 30가지가 넘을 정도로 다양하다. 아메리카노를 비롯해 라테류와 과일 맛 우유, 스무디, 프라페 등 취향대로 고르면 된다.
※ 반려동물 동반 가능",,,전라남도 여수시 봉산남4길 23-25,,연중무휴,"가능
요금 (무료)",,,,,,,,,,,,,,,,,,,,,,,,,,,,,,,,,,,,,,,,,,,,,,,,,,,,,,,08:00~21:00 (라스트오더 20:30),여수 수제 돌게빵,돌게스크림 / 아메리카노 / 수제식혜 등,,,,,,,,,,,,,,,,,,,
5582,당머리첫집 하모샤브샤브,"당머리첫집 하모샤브샤브는 여수의 참장어거리 입구에 있으며, 20년 전통의 갯장어(하모)와 새조개 샤부샤부 전문점이다. 붕장어와 갯장어, 새조개 등 다양한 보양식을 즐길 수 있어 현지인들에게 맛집으로 통하는 곳이다. 외관은 오랜 세월이 느껴지지만, 내부는 깔끔하며 바다가 한눈에 보여 전망이 좋다. 하모는 참장어를 말하는데, 여름에는 참장어를 샤부샤부로 먹고, 겨울에는 참장어 대신 새조개와 붕장어가 나온다. 샤부샤부를 주문하면, 부추와 팽이버섯과 대추가 들어가 팔팔 끓인 국물이 준비된다. 국물의 깊은 맛이 우러나기 시작하면, 참장어를 넣고 10초 정도 기다린다. 참장어가 동그랗게 말리면서 살짝 떠오를 때 건져내어 쌈장 또는 비법 간장 소스를 곁들이고, 깻잎이나 생양파에 올려 먹으면 된다. 근처에는 이순신광장과 여수 해상 케이블카가 있어 식사 후 함께 연계하여 여행하는 것을 추천한다.",,,전라남도 여수시 남산남1길 34,,연중무휴,있음/주차요금 없음,,,,여수에서 맛볼 수있는 하모샤브사브 정말 맛있어요 또 먹고싶어지네요,,,,,,,,,,,,,,,,,,,,,,,,,,,,,,,,,,,,,,,,,,,,,,,,,,,10:00~22:00,여수하모샤부샤부,여수새조개샤부샤부,,,,,,,,,,,,,,,,,,,
5583,갈치조림기똥차게맛있는집,"‘갈치 조림 기똥차게 맛있는 집’은 여수의 향일암으로 향하는 길에 있는 50년 전통의 갈치조림 전문점이다. 식당 이름에서 맛에 대한 자부심을 알 수 있듯 신선한 갈치로 만든 갈치 조림을 메인으로 오랜 시간 같은 곳에서 현지인들은 물론 관광객들에게 꾸준한 사랑을 받아왔다. 매일 싱싱한 재료로 모든 밑반찬을 직접 만들며, 특히 직접 담근 간장게장을 무한 리필로 즐길 수 있다. 매장은 넓고 깨끗하며, 방도 있어 단체석 이용도 가능하다. 대형버스도 주차할 수 있을 정도로 주차장이 넓어 단체 여행객들이 들리기에도 좋은 곳이다. 또한, 반려견 동반 룸이 따로 있어 반려견과 함께 편하게 식사할 수도 있다. 근처에는 아쿠아플라넷과 여수 예술 랜드가 있어 연계 여행도 수월하다.
※ 반려동물 동반가능",,https://www.instagram.com/yeosu_jmtgalchi,전라남도 여수시 향일암로 379-2,,연중무휴,있음(무료),,,,향일암 가는 길에 지나가면서 있길래 봐뒀다가 나오는 길에 먹었는데 진짜 맛있었어요! 반찬으로 나온 갓볶음까지 완벽했던 집이예요~ 추천합니다!!,,,,,,,,,,,,,,,,,,,,,,,,,,,,,,,,,,,,,,,,,,,,,,,,,,,매일 08:00 ~ 19:00,갈치조림(공기밥 포함),간장게장,,,,,,,,,,,,,,,,,,,
5584,돌문어상회,"돌문어 상회는 여수 낭만포차 거리에 있는 해물 삼합의 원조 식당으로, 인기가 좋아 4호점과 별관까지 운영하는 유명 맛집이다. 낭만 포차 거리 주차장을 무료로 이용할 수 있으며, 거리가 혼잡하니 주차 후 걸어서 이동하는 것을 추천한다. 이곳의 대표 메뉴는 단연 돌문어 삼합이다. 돌판에 문어와 전복, 버섯, 단호박, 부추, 양파 등을 넣고 볶아 삼합처럼 즐기는 메뉴다. 먼저 삼겹살과 해산물, 갓김치를 구워 먹기 좋은 크기로 잘라 준 후 불판 가운데 버터를 넣고 모두 섞는다. 문어가 너무 빨갛게 익으면 질겨지니 먼저 먹는 방법을 추천한다. 다 먹었으면 고기와 야채를 조금 남긴 상태에서 밥을 볶아 먹으면 된다. 집에서도 간단하게 조리해 먹을 수 있는 돌문어 삼합 밀키트도 판매하고 있으니 매장 방문이나 포장이 어렵다면 이용해 보는 것도 좋다.",,"http://smartstore.naver.com/stone_octopus
https://www.instagram.com/dolmuneo/",전라남도 여수시 하멜로 78,,연중무휴,"있음(유료) / 10분당 200원, 최대 5,000원",,,,,,,,,,,,,,,,,,,,,,,,,,,,,,,,,,,,,,,,,,,,,,,,,,,,,,,"월~금요일 15:30~23:00
- 라스트오더 22:00
토 12:00~03:00
- 라스트오더 02:00
일 12:00~23:00
- 라스트오더 22:00",돌문어삼합,"돌문어라면, 해물라면 등",,,,,,,,,,,,,,,,,,,
5585,거북이식당,"거북이식당은 여수 국동항 근처에 있는 게장 전문점이다. 멀리에서도 눈에 띄는 꽃게 모양 간판이 있어 찾기에 수월하다. 전용 주차장이 있으나 5대 규모로 협소해 주변에 있는 공영 주차장을 이용하는 것이 좋다. 대표 메뉴는 꽃게장 정식이다. 간장 꽃게와 양념 꽃게, 돌게장, 생선구이까지 포함되어 있어 여러 가지 메뉴를 함께 맛볼 수 있다. 돌게장만 맛보고 싶다면 게장 백반을, 생선구이와 돌게장을 맛보고 싶다면 생선구이 정식을 주문하면 된다. 이곳만의 특제 소스로 담근 간장게장과 양념게장은 비리지 않고 깔끔하며, 살이 꽉 차 있어 고소한 맛을 자랑한다. 포장과 택배도 가능하다. 근처에 이순신 광장과 여수 해상 케이블카가 있어 연계 여행하기에 좋다.
※ 반려동물 동반불가",,,전라남도 여수시 국포1로 26,,연중무휴,있음(무료),,,,,,,,,,,,,,,,,,,,,,,,,,,,,,,,,,,,,,,,,,,,,,,,,,,,,,,매일 09:00 ~ 21:00,게장백반정식,꽃게장정식,,,,,,,,,,,,,,,,,,,
5586,오차현,"창고 건물을 리모델링해 감각적인 인테리어와 맛있게 추출한 커피와 디저트들을 제공하는 오차현. 카페 이름인 오차현은 장흥의 옛 지명에서 따온 이름이다. 개성 있는 음료 메뉴와 맛있는 커피, 디저트 덕분에 지역주민은 물론 관광객들도 많이 찾는 핫플이다. SYNESO MVP HYDRA 머신을 사용하여 안정적이고 탄탄한 에스프레소 기반의 음료를 제공하고 있으며 스페셜티 커피의 매력을 알리는 동시에 카페와 접목할 수 있는 다양한 활동들을 통해 장흥 지역의 새로운 카페 문화를 만들어 나가고 있는 카페이다.
컨테이너를 이어 붙인 듯한 외관은 독특하고 긴 복도처럼 보이는 실내 분위기가 아늑하면서도 세련되었다. 한 공간에 여러 가지 콘셉트를 조화롭게 섞어 놓았다. 인근에는 장흥 토요시장도 있어 시장 구경 후 방문하기도 좋다.",,https://www.instagram.com/ochahyeon_cafe,전라남도 장흥군 장흥읍 동교1길 2,,매주 월요일,가능,,,,,,,,,,,,,,,,,,,,,,,,,,,,,,,,,,,,,,,,,,,,,,,,,,,,,,,"화요일~토요일 11:00~22:00
일요일 13:00~20:00",오차현레드,오차현블랙 / 아메리카노 / 카페라테 / 더치라테 / 레몬에이드 등,,,,,,,,,,,,,,,,,,,
5587,내조국국밥 본점,"내조국 국밥은 '내가 조선의 국밥이다’라는 문장의 줄임말로, 여수 본점을 시작으로 전국에 여러 가맹점을 낸 국밥 맛집이다. 시원한 해장국과 순대, 수육 등을 판매하며 해장과 술안주로 좋은 메뉴들로 구성되어 있다. 대표 메뉴는 머릿고기와 순대, 선지, 곱창이 모두 들어간 모둠 국밥이다. 돼지 뼈를 24시간 삶아서 느끼함 없이 담백하고 진한 국물 맛이 일품이다. 재료도 아낌없이 들어가 있으며, 부추와 파, 깍두기와 김치를 곁들여 먹으면 든든한 한 끼를 맛볼 수 있다. 이외에도 우거지가 들어가 속이 풀리는 얼큰한 해장국과 황태 국밥, 커다란 전골냄비에 곱창과 각종 양념, 재료가 들어간 곱창전골도 인기가 좋다. 모든 메뉴가 배달과 포장도 가능하다.",,,전라남도 여수시 신월로 592,,"매달 2, 4번째 수요일 정기 휴무",있음,,,,,,,,,,,,,,,,,,,,,,,,,,,,,,,,,,,,,,,,,,,,,,,,,,,,,,,09:00~21:00 / 20:30 라스트오더,모듬국밥,얼큰해장국,,,,,,,,,,,,,,,,,,,
5588,여수정쿡,"여수정쿡은 웅천 친수공원과 웅천 해수욕장 근처에 있는 레스토랑으로, 현지인들이 즐겨 찾는 패밀리 레스토랑이다. 요트 선착장과 바다가 보이는 오션뷰에 깔끔한 인테리어로 가족과 연인, 친구들끼리 분위기를 내고 싶은 고객들이 주로 찾는다. 메뉴는 스테이크와 파스타, 필래프, 피자 등 다양하게 제공되며, 기본이 1.5인분으로 양도 푸짐하다. 특히 스테이크의 경우, 고급 레스토랑에서 활용하는 조리법인 수비드 기법으로 스테이크를 저온에서 오랫동안 익혀 육즙과 식감을 모두 살렸다. 피자 역시 세 번 발효시킨 숙성 반죽과 신선한 모차렐라 치즈를 사용해 쫄깃한 식감이 일품이다. 여러 명이 왔을 때 다양한 메뉴를 한꺼번에 맛볼 수 있도록 콤보 메뉴도 있으니 참고하면 된다.
※ 반려동물 동반 불가",,https://www.instagram.com/jeongcook_yeosu/,전라남도 여수시 예울마루로 35-64 3층,,연중무휴,있음 / 주차요금 없음,,,,,,,,,,,,,,,,,,,,,,,,,,,,,,,,,,,,,,,,,,,,,,,,,,,,,,,"11:00~21:00
라스트오더 20:20",베이컨 까르보나라,"정쿡 불고기 오일 파스타, 해물 토마토 파스타 등",,,,,,,,,,,,,,,,,,,
5589,돌산 정담,"돌산 정담은 '정성 담은'의 줄임말로 돌산대교를 지나 돌산도 초입에 조용하게 자리한 한식당이다. 주로 정식 메뉴를 제공하며, 불고기전골이나 백반 메뉴도 판매하고 있다. 테이블은 넉넉한 편이어서 점심과 저녁 가릴 것 없이 여수 현지인들이 주로 찾는다. 홀 외에도 방으로 된 좌석도 있어서 모임이나 단체 예약에도 좋다. 메뉴는 수육, 주물럭 정식, 김치찌개 또는 된장찌개 백반, 불고기전골이 있다. 합리적인 가격에 반찬의 가짓수가 다양해 여러 음식을 가볍게 두루 맛보기 좋다. 또한, 밑반찬으로 여수의 게장과 갓김치가 함께 나와 여수의 맛을 제대로 느껴볼 수 있다. 근처에는 하멜 등대와 돌산공원, 여수 해상케이블카 등이 있어 함께 둘러보는 것을 추천한다.",,http://instagram.com/jungdam.yeosu,전라남도 여수시 강남동로 53,,매주 수요일,있음/주차요금 무료,,,,,,,,,,,,,,,,,,,,,,,,,,,,,,,,,,,,,,,,,,,,,,,,,,,,,,,10:30~20:00(브레이크 타임 15:00~17:00),수육 정식,"주물럭 정식, 불고기전골, 김치찌개 백반 등",,,,,,,,,,,,,,,,,,,
5590,등가게장,"등가게장은 여수시 봉산 게장 거리에 있는 게장 전문점이다. 여수의 특산품인 돌게장은 물론이고, 꽃게로 담근 간장게장, 양념게장 그리고 갈치조림까지 취급하는 현지인 추천 맛집이다. 가게 내부는 넓은 편이지만 현지인과 관광객들이 즐겨 찾는 탓에 평소에도 대기가 있다. 대표 메뉴는 갈치조림이 나오는 간장게장이다. 10가지가 넘는 정갈한 밑반찬과 양념이 잘 스며들어 맛있는 두툼한 갈치조림 그리고 양념게장과 꽃게장, 돌게장이 한 상으로 차려진다. 게장은 한 번 리필할 수도 있다. 돌게장의 경우, 꽃게와 달리 집게발이 크고 매우 딱딱하기 때문에 반드시 가위 등의 도구를 사용해야 한다. 일반 간장게장 정식에는 갈치조림 대신 얼큰하고 시원한 조기 매운탕이 제공된다. 함께 가볼 만한 곳으로는 아쿠아플라넷 아쿠아리움과 돌산공원, 오동도 등이 있다.",,,전라남도 여수시 봉산남4길 12,,연중무휴,있음/주차요금 무료,,,,,,,,,,,,,,,,,,,,,,,,,,,,,,,,,,,,,,,,,,,,,,,,,,,,,,,09:00~20:30,갈치조림+게장 정식,"게장정식, 간장게장 등",,,,,,,,,,,,,,,,,,,
5591,모이핀,"카페 모이핀은 여수 돌산읍 무슬목 해변 언덕 위에 있는 카페이다. 탁 트인 경치와 여유로운 분위기를 자랑하는 이곳은 핀란드어로 '안녕'을 의미하는 MOI와 핀란드의 약자 FIN을 합성한 이름으로, 방문객에게 따뜻한 인사를 전한다. 1층부터 4층까지 큰 규모를 자랑하며 루프탑과 야외 잔디광장까지 다양한 공간을 갖추고 있어, 방문할 때마다 색다른 매력을 느낄 수 있다.",,공식 인스타그램 https://www.instagram.com/cafe_moifin,전라남도 여수시 무술목길 50,,연중무휴,가능,,,출입구까지 턱이 없어 휠체어 접근 가능함,여수시를 여행하며 방문한 곳입니다. 바다를 바라보는 뷰가 너무 좋습니다. 차 한잔 하면서 잘 쉬었다 왔습니다. 대형에 뷰도 좋아서 음료 가격대가 있지만 너무 예쁜 카페에요. 근처 예술랜드 들렀다가 방문해보세오 규모도 크고 전망이 좋아요~ 음료등 가격대는 있지만 한번 들려볼만 합니다^^ 시그니처메뉴 좋아요,,,,주출입구는 턱이 없어 휠체어 접근 가능함(수동문),장애인 주차장 있음_무장애 편의시설,,,,,,,,,,의자식 테이블 있음,,,,,,,,,,,,,,,,점자블록 있음(주출입구)_시각장애인 편의시설,,,,,,,,,,,,,,,,,,,,09:00~19:30 (마지막 주문 19:10),아메리카노,"카페라떼, 베이커리류",,,,,,,,,,,,,,,,,,,
5592,발콘드예울,"여수의 발콘드예울은 웅천 해수욕장에서 도보로 1분 거리에 있는 접근성 좋은 오션뷰 카페다. 매장에 들어서자마자 커다란 통창 유리 너머로 펼쳐진 파노라마 뷰의 여수 바다는 발콘드예울만의 매력 포인트다. 매장은 매우 넓으며, 홀 좌석 외에도 개별 방도 있어 프라이빗한 모임도 할 수 있고, 좌식 테이블도 있어 어린 자녀와 함께 방문하기에도 좋다. 메뉴는 커피류는 물론이고 달콤한 크림 라테류, 에이드, 차 등 40여 가지가 넘는 음료 메뉴가 준비되어 있다. 디저트 역시 많은 편인데, 케이크와 타르트, 크루아상뿐만 아니라 치킨과 피자 같은 음식도 있어 브런치를 즐기기에도 적당하다. 근처에는 아르떼 뮤지엄과 이순신 광장, 웅천 해수욕장이 있어 함께 연계하여 가볼 만한 곳으로도 추천한다.",,https://www.instagram.com/cafe_balcon_de_yeul,전라남도 여수시 예울마루로 37-53 5층,,연중무휴,있음/주차요금 무료,,,,,,,,,,,,,,,,,,,,,,,,,,,,,,,,,,,,,,,,,,,,,,,,,,,,,,,10:00~24:00 (라스트 오더 23:30),아몬드 크림 라테,"아메리카노, 카페라테 등",,,,,,,,,,,,,,,,,,,
5593,오동,"카페 오동은 여수의 고소동 벽화마을 끝자락에 있는 조그마한 푸딩 가게다. 흰색의 타일과 나무 문으로 된 인테리어, 오동 시그니처 간판이 걸려 있어 찾기 어렵지 않다. 한 번에 한 팀씩 가게로 입장할 수 있을 정도이며, 오로지 테이크아웃만 가능하다. 만약 먹고 갈 곳이 필요하다면 매장 앞에 놓인 작은 테이블을 이용해도 좋다. 오동에서 판매하는 메뉴는 5가지 맛의 푸딩으로 단순한 편이다. 시그니처 메뉴인 우유푸딩과 자색 고구마, 옥수수, 황치즈, 얼그레이 푸딩 등이 있다. 우유푸딩은 우유와 바닐라 빈을 사용해서 만들었는데, 푸딩 아랫부분에 있는 산딸기 잼과 곁들여 먹으면 된다. 오동은 현지인들은 물론 관광객들에게도 인기가 높아 일찍이 원하는 맛이 품절될 수 있다. 근처에는 이순신 광장과 여수 해양공원이 있어 함께 여행하는 것을 추천한다.
※ 반려동물 동반 가능",,https://www.instagram.com/yeosu.odong/,전라남도 여수시 고소3길 63 한신아파트,,연중무휴,가능 (공영 주차장),,,,,,,,,,,,,,,,,,,,,,,,,,,,,,,,,,,,,,,,,,,,,,,,,,,,,,,11:00 ~ 17:00 (재료 소진시 조기마감),우유 푸딩,얼그레이 푸딩 / 황치즈 푸딩 / 고구마 푸딩 외,,,,,,,,,,,,,,,,,,,
5594,카페 낭만도시,"카페 낭만도시는 여수의 낭만포차 거리와 여수 해상 케이블카 부근에 있는 대형 카페다. 아름다운 바다와 다리를 바라보는 전망으로 여행자들은 물론 여수 현지인들이 즐겨 찾는다. 루프탑까지 포함해 총 5층 규모의 대형 카페이며, 루프탑은 안전상의 이유로 노키즈존으로 운영한다. 카페 내부는 매장 한쪽이 통유리로 되어있어 시원한 개방감이 느껴지며, 거북선대교와 여수 해상 케이블카가 한눈에 보여 멋진 풍경을 감상할 수 있다. 메뉴는 아메리카노를 비롯해 기본적인 라테류가 있으며, 취향에 따라 원두를 선택할 수 있다. 카페인이 들어가지 않은 메뉴로는 초코 라테, 달고나 라테와 에이드, 차, 주스 등의 음료도 있어 어린이와 함께 방문하기에도 좋다. 이 밖에 베이커리 디저트도 준비되어있다.
※ 반려동물 동반 불가",,,전라남도 여수시 여수시민로 6 2~5층,,연중무휴,없음,,,,,,,,,,,,,,,,,,,,,,,,,,,,,,,,,,,,,,,,,,,,,,,,,,,,,,,11:00 ~ 22:00,아메리카노,"카페라테, 바닐라라테, 크로플 등",,,,,,,,,,,,,,,,,,,
5595,서목,"여수 국동항에서 해안도로를 따라 들어오면 바닷가 바로 앞에 있는 한가로운 카페 서목이 있다. 여수의 주요 관광지와 조금 떨어져 있지만, 바닷길을 따라 드라이브하며 들러보기 좋은 곳이다. 회색 벽돌 외관에 커다란 유리 문, 하얀색의 인테리어와 감성적인 소품들로 한가롭게 시간을 보내고 싶은 이들에게 제격인 곳이다. 해가 잘 들어오는 매장 가운데에는 독특한 모래 장식과 인센스 스틱으로 평화로운 분위기를 자아낸다. 메뉴는 커피류를 비롯해 초콜릿 라테, 고구마 라테와 같은 음료, 차와 에이드 등 다양하게 제공한다. 여기에 폭신폭신한 식감의 미니 구겔호프, 바스크 케이크 등 세련된 디저트 메뉴도 준비되어 있다. 수박과 멜론 등 계절 과일이 듬뿍 올라간 빙수 메뉴도 있으니 취향껏 고르면 된다.",,"https://blog.naver.com/ji_0125
https://www.instagram.com/seomok_yeosu",전라남도 여수시 신월5길 68-1,,연중무휴,있음/주차요금 없음,,,,,,,,,,,,,,,,,,,,,,,,,,,,,,,,,,,,,,,,,,,,,,,,,,,,,,,11:00 ~ 20:30 (라스트 오더 20:20),아메리카노 /바닐라빈라떼,카페라떼 / 딸기에이드 / 딸기라떼 / 여수빙수(여름시즌) / 여수 컵빙수(여름빙수) 등,,,,,,,,,,,,,,,,,,,
5596,와이드 커피 스탠드,"와이드커피 스탠드는 조용한 고소동 벽화마을에 있는 이국적인 카페다. 벽돌집에 작은 아치형 창문이 있어 마치 유럽의 건축물을 그대로 옮긴 듯한 감성을 가지고 있다. 거기에 돌산대교와 여수의 아름다운 바다가 한눈에 보이는 유럽식 테라스와 루프탑이 있어 젊은 층 사이에서 감성 카페로 유명하다. 카페는 총 4층 규모로, 3층에는 테라스, 4층은 루프탑으로 되어있다. 3층과 4층은 안전의 이유로 노 키즈존으로 운영한다. 이곳의 대표 메뉴는 밤 슈페너와 너티 와이드, 밀크티 와이드, 핸드드립 커피다. 이외에도 아메리카노를 비롯한 커피 메뉴와 차, 에이드, 초코 라테 등 카페인이 없는 메뉴들도 다양해 취향껏 고를 수 있게 했다. 근처에 이순신 광장과 고소동 벽화마을, 오동도가 있어 함께 구경하기 좋다.
※ 반려동물 동반 가능",,https://www.instagram.com/wyd_coffeestand/,전라남도 여수시 고소3길 64,,연중무휴,"가능
요금 (무료)",,,,,,,,,,,,,,,,,,,,,,,,,,,,,,,,,,,,,,,,,,,,,,,,,,,,,,,"- 목요일~월요일 11:00~21:00
- 화요일~수요일 12:00~21:00",너티와이드,레밍턴 / 레몬파운드 / 아메리카노 등,,,,,,,,,,,,,,,,,,,
5597,여수장터,"여수장터는 여수시 특산품 전시 판매장 건물 2층에 있는 생선구이 전문점이다. 1층은 갓김치 등 여수의 특산품을 구매할 수 있는 전시장이다. 2층에 올라가면 고급스러운 인테리어에 넓고 쾌적한 매장이 나온다. 넓은 홀 좌석과 더불어 룸 좌석도 있어 회식이나 단체 모임에도 제격이다. 이곳은 생선구이 맛집답게 갈치구이, 장어구이 등 생선구이 요리가 주메뉴다. 정식 메뉴에는 생선구이와 서대 회, 간장게장, 양념게장 등 다양한 메뉴들이 함께 나온다. 대표적인 메뉴인 생선구이 정식에는 자반고등어와 갈치, 굴비가 생선의 식감을 잘 살리는 굽기로 구워 제공된다. 이 밖에도 계란찜과 갓김치, 버섯 요리 등 밑반찬이 풍성해 든든한 한 끼를 맛볼 수 있다. 여수 수산시장과 여수 예술랜드, 대경도 등이 근처에 있어 여행 시 참고하면 좋다.
※ 반려동물 동반 불가",,https://www.instagram.com/ys_jangteo/,전라남도 여수시 어항단지로 205,,연중무휴,있음 / 주차요금 없음,,,,,,,,,,,,,,,,,,,,,,,,,,,,,,,,,,,,,,,,,,,,,,,,,,,,,,,10:30 ~ 20:30 (브레이크 타임 15:00 ~ 17:00/ 라스트 오더 20:00),장터 정식,"왕갈치구이, 생선구이정식",,,,,,,,,,,,,,,,,,,
5598,카페 하얀파도,"카페 하얀파도는 돌산대교를 지나 여수의 유명 관광지인 크루즈 선착장 근처에 있는 오션뷰 카페다. 건물은 작지만 5층 규모이며, 층마다 바다를 감상할 수 있는 커다란 통창이 있어 시원한 분위기를 자아낸다. 하얀색의 모던하고 깔끔한 인테리어와 아름다운 오션뷰로 젊은 사람들에게 인기가 좋다. 창밖에는 돌산대교와 장군도가 한눈에 보이며, 여수의 잔잔한 바다가 마치 그림 같은 풍경을 감상할 수 있다. 이곳의 대표 메뉴는 마시멜로가 올라간 아인 슈페너 종류인 ‘멜로우 슈페너’와 두유와 크림이 어우러진 ‘소야 라테’다. 이외에도 커피가 들어가지 않은 밤 라테, 토피넛 라테, 고구마 라테 등 달콤한 음료 메뉴와 케이크, 타르트 등의 디저트 메뉴도 다양하게 구성되어 있다. 돌산 공원과 여수 크루즈 선착장이 근처에 있어 함께 연계하여 여행하는 것을 추천한다.
※ 반려동물 동반 불가",,https://www.instagram.com/cafe_white.wave/,전라남도 여수시 진두해안길 13-1,,연중무휴,없음,,,,비오는날 여수여행~~~ 카페 하얀파도에서 보는 장군도도 멋지고 커피와 케이크도 맛있어요.^^,,,,,,,,,,,,,,,,,,,,,,,,,,,,,,,,,,,,,,,,,,,,,,,,,,,10:30 ~ 21:00,멜로우슈페너,"소야 라테, 엘더플라워에이드",,,,,,,,,,,,,,,,,,,
5600,하모샤브샤브 여수맛집횟집,"하모샤브샤브 여수맛집횟집은 식당 이름에서 직관적으로 알 수 있듯, 하모 샤부샤부와 활어회를 전문으로 하는 식당이다. 40년 이상 회를 취급한 일식 명장이 직접 회를 뜨고, 한식부터 일식과 양식, 중식까지 조리 자격증을 갖춘 조리장이 밑반찬과 각종 요리를 만들어, 검증된 맛을 자랑한다. 또한, 저녁이면 식당 내부는 커다란 창문 너머로 아름다운 여수 밤바다의 야경과 거북선대교, 해상 케이블카, 불꽃놀이 등이 보여 풍경을 즐기며 식사를 할 수 있다는 점도 이곳만의 장점이다. 메뉴는 자연산 활어회와 계절 메뉴인 하모샤브샤브, 새조개 샤브샤브가 가장 인기 있다. 이외에도 생선을 푹 고아 깊고 칼칼한 맛이 인상적인 매운탕과 물회, 꽃게찜, 전복, 해삼 등 다양한 해산물을 판매한다. 여수의 주요 관광지와 접근성이 좋아 식사 후 돌산공원과 낭만 포차 거리를 방문할 수 있다.
※ 반려동물 동반 가능",,,전라남도 여수시 진두해안길 72 2층 202호,,연중무휴,"가능
요금 (무료)",,,,,,,,,,,,,,,,,,,,,,,,,,,,,,,,,,,,,,,,,,,,,,,,,,,,,,,10:00~24:00,모듬회,새조개샤브샤브 / 여수하모샤브샤브 / 민들레집게장백밥정식 등,,,,,,,,,,,,,,,,,,,
5601,하이마레,"하이마레는 윤슬(햇빛이나 달빛에 비치어 반짝이는 잔물결)이 아름다운 여수 바다가 한눈에 보이는 오션뷰 카페다. 여수 해양공원에서 바닷길을 따라 도보로 1분 거리에 있어 바다 산책을 하다 들러보기 좋다. 총 3층으로 된 이곳은 따뜻한 원목과 베이지 톤의 인테리어로 감성적인 분위기를 자아낸다. 2층과 3층에 올라가면 통유리 너머로 여수의 유명 관광지인 해상 케이블카와 돌산대교가 한눈에 들어온다. 저녁이면 노을과 바다를 지나다니는 유람선, 인상적인 야경을 감상할 수 있다. 메뉴는 아메리카노를 비롯한 커피와 에이드, 주스 등의 다양한 음료와 간단한 디저트를 판매한다. 이곳의 시그니처 메뉴는 땅콩 크림이 올라간 너티크림라떼와 한라봉과 자몽이 조화를 이룬 봉자에이드, 히비스커스차와 레몬청을 블렌딩을 선셋 에이드 등이다. 햇살이 잘 들어오는 카페에서 바다를 감상하며 잠시 쉬어가는 시간을 가질 수 있고 인근에 고소동 벽화마을과 여수해양공원이 있다.",,,전라남도 여수시 이순신광장로 169,,연중무휴,"없음(가게 건너편 노상 주차장, 근처 공영주차장 이용)",,,,,,,,,,,,,,,,,,,,,,,,,,,,,,,,,,,,,,,,,,,,,,,,,,,,,,,"월~토요일 11:00 ~ 22:00 (21:00 라스트오더)
일요일 11:00~18:00 (17:00 라스트오더)",너티크림라떼,"아메리카노, 봉자에이드",,,,,,,,,,,,,,,,,,,
5602,카페하이클래스,"아름다운 여수 바다를 파노라마로 감상할 수 있는 오션뷰 카페 하이클래스는 같은 이름의 리조트에서 운영하는 카페다. 직접 로스팅한 원두로 만든 커피류와 수제 청으로 만든 에이드 등 다양한 음료와 케이크 등의 간단한 베이커리 디저트를 판매한다. 카페 하이클래스는 멋진 바다를 배경으로 그네를 탈 수 있는 포토존인 하이스윙이 있다. 이 그네는 카페 이용객과 리조트 투숙객만 이용할 수 있으며, 유료로 운영된다. 또한, 멋진 사진을 남길 수 있도록 그네를 탈 때 입을 드레스도 유료 대여해 준다. 다양한 사이즈와 컬러의 드레스가 준비되어 있으며, 그네를 타면서 끝자락이 펄럭이며 예술적인 사진을 찍을 수 있다. 이 밖에도 루프탑에는 천국의 계단과 유리 바닥 전망대 등 다양한 포토존이 있어 커피와 함께 추억을 남기기에 좋다.",,https://www.instagram.com/cafehighclass_skyswing,전라남도 여수시 무술목길 114 2층,,연중무휴,있음 / 주차요금 없음,,,,,,,,,,,,,,,,,,,,,,,,,,,,,,,,,,,,,,,,,,,,,,,,,,,,,,,"카페 09:00~18:00
하이스윙 11:00~17:00
- 브레이크타임 12:00~13:00",파인애플패션후르츠에이드,"아메리카노, 카페라떼, 카페모카, 카라멜마끼아또 등",,,,,,,,,,,,,,,,,,,
5603,맷돌,"정직이 성공을 부른다""라는 신념으로 정성껏 준비한 음식으로 손님들을 맞이한다. 장흥의 특산물인 키조개와 노란 동충하초, 소갈빗살이 어우러진 버섯전골,아구와 오징어, 꽃게, 문어, 홍합 등 비법양념소스에 버무려진 푸짐한 아구 해물찜, 3년 묵은지의 깊은 맛 김치 찌개, 여러 과일을 갈아만든 천연의 단맛 불고기 백반, 국내산 직접 담은 묵은지를 곁들인 닭볶음탕, 100% 국산 서리태 콩물에 직접 반죽해 쫄깃한 쑥면이 별미인 여름 한정 서리태콩물국수가 준비되어 있는 전남 장흥의 맛집이다.",,,전라남도 장흥군 장흥읍 의향길 9-1,,매주 토요일 (여름 제외),,,,,,,,,,,,,,,,,,,,,,,,,,,,,,,,,,,,,,,,,,유아의자 비치,,,,,,,,,,,,,,일요일~금요일 11:00~20:30 (브레이크타임 15:00~17:00 / 저녁 라스트오더 19:30 ),키조개모둠버섯전골,아구해물찜 / 불고기백반 / 서리태콩물국수 / 애호박찌개 / 닭볶음탕 등,,,,,,,,,,,,,,,,,,,
5604,삼산한우촌,"해남읍에서 대흥사 방면으로 오는 길에 위치한 삼산한우촌은 한식 육류 요리 전문점이다. 신선한 최고급의 부드럽고 맛있는 소고기 구이를 맛볼 수 있으며, 구이류 외에 찜, 식사류도 준비되어 있다. 고기류와 함께 신선한 육회가 가득 든 육회비빔밥도 인기 있으며 다양한 메뉴로 식사가 가능한 해남 현지인 맛집이다. 연중무휴로 운영된다.",,,전라남도 해남군 삼산면 고산로 540,,연중무휴,,,,,,,,,,,,,,,,,,,,,,,,,,,,,,,,,,,,,,,,,,,,,,,,,,,,,,,,상시 11:00~21:00,생고기,살치살/ 갈비살 / 육회비빔밥 / 삼겹살 등,,,,,,,,,,,,,,,,,,,
5607,여수카페포,"카페 포는 여수의 고소동 벽화마을의 가장 높은 곳에 있어 옥상에서 바라보는 전망이 좋은 카페다. 돌산대교와 거북선대교, 장군도를 파노라마로 감상할 수 있으며, 노을이 지는 저녁과 야경이 특히 더 아름답다. 카페는 4층 규모로, 2층과 3층은 햇살이 잘 드는 실내 테이블 좌석이며, 4층인 옥상은 뷰가 가장 좋아 카페 포가 자랑하는 필수 코스다. 메뉴는 커피류를 비롯해 라테류와 말차, 스무디, 에이드, 주스, 차 등의 다양한 음료가 있다. 특히, 이곳의 바닐라 라떼는 마다가스카르 원산지의 바닐라 빈으로 직접 만든 시럽을 넣어 특별하다. 또한, 아인슈페너 역시 6시간 동안 내린 콜드브루에 바닐라 빈 수제 시럽을 넣은 생크림을 얹어내어 풍미가 좋다. 이 밖에도 케이크나 브라우니 같은 디저트도 판매한다. 근처에는 이순신광장과 오동도 등의 관광지가 있어 함께 들러볼 수 있다.",,,전라남도 여수시 고소5길 16,,매주 수요일,있음(공용주차장 이용) / 주차요금 없음,,,,,,,,,,,,,,,,,,,,,,,,,,,,,,,,,,,,,,,,,,,,,,,,,,,,,,,"10:00 ~ 20:30, 토요일 10:00 ~ 21:00
20:00 라스트오더",아인슈페너,"바닐라 라떼, 아메리카노, 아포가토",,,,,,,,,,,,,,,,,,,
5608,화선생,"화선생은 규모가 꽤 커서 단체 모임 하기 좋은 곳으로, 입구부터 빨간 문에 중국식 문양을 둘러 중화요리집 분위기가 물씬 풍긴다. 건물 2층 전체가 식당이며, 주차는 바로 앞에 있는 공영주차장을 이용하면 되고 1시간 무료이다. 큰 홀 내부에는 4명씩 앉을 수 있는 자리들이 붙어 있고, 8명~10명 앉을 수 있는 별도의 룸도 있어서 각종 행사나 모임을 하기 좋다. 코스요리를 서로 나누어 먹을 수 있게끔 유리판이 가운데 있는 원탁 자리도 있어서 메뉴나 모임의 성격에 맞게 자리를 고를 수 있다. 런치 메뉴로는 샐러드, 유산슬, 칠리새우, 고추잡채 그리고 짜장면과 짬뽕 중 고를 수 있게끔 코스가 짜여 있어 푸짐한 점심 식사가 가능하다. 용기공원, 거북선공원 등이 주변에 있어 연계 관광하기 수월하다.",,,전라남도 여수시 선소로 15-8,,연중무휴,"가능 (공영주차장)
요금 (1시간 무료)",,,,,,,,,,,,,,,,,,,,,,,,,,,,,,,,,,,,,,,,,,,,,,,,,,,,,,,11:00~21:30 (브레이크타임 15:00~17:00 / 라스트오더 20:45),짜장면,탕수육 / 삼선짬뽕밥 / 해물짜장 등,,,,,,,,,,,,,,,,,,,
5609,항도횟집,"소호동 회타운에 있는 항도 횟집은 새조개 샤부샤부, 하모 샤부샤부 전문점이다. 2층 건물로 방마다 테이블이 3~4개 있어 사람들과 간격을 두고 먹을 수 있다. 2명~4명이 앉을 수 있는 테이블 자리와 별도 룸도 있어 단체 모임 예약도 가능하다. 주문 즉시 요리를 해서 다소 음식이 늦게 나오지만 그만큼 신선하고 싱싱한 회를 즐길 수 있다. 창밖으로 보이는 바다 뷰를 즐기며 식사할 수 있는 곳이기 때문에 예약하면 창가 자리에서 식사할 수 있다. 주차는 가게 앞에 하면 된다. 디오션 워터파크, 소호항 등이 주변에 있어 연계 관광하기 수월하다.",,,전라남도 여수시 소호로 488-1,,화요일,가능,,,,,,,,,,,,,,,,,,,,,,,,,,,,,,,,,,,,,,,,,,,,,,,,,,,,,,,10:00~22:00,"활어회, 하모샤부샤부","낙지탕탕이, 매운탕 등",,,,,,,,,,,,,,,,,,,
5610,편백찜 집,"여수 소호동에 위치한 편백찜 ‘집’은 해산물, 고기를 채소와 함께 편백나무 찜기에 넣어 쪄주는 찜 전문점이다. 모둠해물, 우삼겹, 등심과 차돌박이, 돌문어, 홍가리비 등 원하는 재료를 골라 편백나무 찜기에 담고, 달걀 모양의 타이머를 올려 15~20분 정도 쪄주면 담백하고, 고소한 찜 요리가 완성된다. 편백찜 ‘집’의 메인 메뉴인 모둠해물 편백찜은 문어, 소라, 새우, 랍스터, 조개 등 갖은 해산물찜과 버섯, 당근, 배추, 부추 등 채소를 함께 쪄내 특제소스에 찍어 먹으면 된다. 고기찜을 먹고 싶다면 등심과 차돌박이 편백찜을 추천한다. 보기에도 먹기에도 푸짐한 한 끼를 즐길 수 있다.",,,전라남도 여수시 소호로 455 2층,,매주 화요일,있음/주차요금 무료,,,,,,,,,,,,,,,,,,,,,,,,,,,,,,,,,,,,,,,,,,,,,,,,,,,,,,,"월~금요일 16:00~21:00, 토~일요일 12:00~21:00(브레이크 타임 15:00~17:00)",모듬해물편백찜,"우삼겹편백찜, 등심차돌편백찜",,,,,,,,,,,,,,,,,,,
5611,조롱박,"35년 넘게 현지인의 사랑을 받아온 ‘조롱박’은 여수 시내의 아귀찜, 서대 회무침, 갈치조림정식으로 유명한 맛집이다. 차분하고 편안한 색감의 인테리어로 1층부터 3층까지의 넓고 큰 홀과 룸을 보유하고 있어, 단체 손님이 많다. 주문과 동시에 손맛 가득 느낄 수 있는 한정식 반찬들이 한 상 가득 차려지고, 메인 메뉴들이 상위로 오르면 없던 식욕도 생길 만큼 냄새마저 훌륭하다. 살이 꽉 찬 아귀에 깨를 듬뿍 뿌린 매콤한 아귀찜, 비린내 없이 쫄깃하고 맛있는 서대 회무침, 칼칼하고 깊이 있는 맛의 갈치조림이 등이 사람들이 많이 찾는 메뉴이다. 여수 이순신 광장에서 도보 5분 거리에 있는 조롱박은 제대로 된 한식을 맛볼 수 있는 곳이다.",,https://blog.naver.com/gico4114,전라남도 여수시 통제영2길 8-9,,연중무휴,가능 (무료),,,,,,,,,,,,,,,,,,,,,,,,,,,,,,,,,,,,,,,,,,,,,,,,,,,,,,,10:00~22:00,아귀찜,대창찜 / 서대회 / 족발 / 장어탕 / 갈치조림정식 외,,,,,,,,,,,,,,,,,,,
5612,지노한우,"마장동 한우시장에서 공수해 온 최고 등급 한우를 판매하는 식당으로, 한우 짝갈비, 한우 특수부위를 직접 정형 작업해 합리적인 가격으로 제공하는 식당이다. 홀과 룸으로 나누어진 고급스러운 분위기의 매장은 청결하고 깨끗해 가족 모임, 단체 모임하기 좋다. 육질이 부드럽고, 적당한 지방이 있어 고소한 최고급육(1++) 등급의 생갈빗살, 특수부위 한우 숯불구이와 감칠맛이 일품인 육회, 한돈 특상등급의 돼지고기를 사용한 생삼겹살 등이 메인 메뉴이다. 지노한우는 일반 한우집에서는 볼 수 없는 특수부위에 차별화를 두어, 믿고 먹을 수 있는 한우와 한돈 전문 매장이다.
※ 반려동물 동반불가",,,전라남도 여수시 시청서3길 25-2,,연중무휴,있음(무료),,,,,,,,,,,,,,,,,,,,,,,,,,,,,,,,,,,,,,,,,,,,,,,,,,,,,,,매일 11:00~22:00,"한우생갈빗살, 양념생갈빗살","육회, 생삼겹살, 한우특수부위 등",,,,,,,,,,,,,,,,,,,
5613,카페 공정,"편안하고 고즈넉한 제주도에서 휴식을 즐기듯, 켜켜이 쌓아 올린 돌담 넘어 바다를 감상하며, 커피를 즐길 수 있는 곳이다. 낮에는 휴식 같은 편안함, 밤에는 테라스 조명 아래 은은한 야경의 아름다움을 느끼게 해준다. 회색 톤의 모던하고 심플한 느낌의 실내는, 바다를 바라볼 수 있는 전면 유리 통창으로 되어있고, 카페 야외는 바다를 보며 커피를 마실 수 있게 긴 의자들이 놓여 있다. 여수에서 즐기는 제주도의 휴식 같은 공간 카페공정은 코코넛밀크와 에스프레소를 넣어 만든 공정라떼가 유명하다. 초코무스와 라즈베리로 만든 나무꾼 케이크, 아보카도 무스와 화이트초콜릿의 아보카도 케이크는 커피와 함께하기 좋다. 여수에서 고흥으로 이어지는 화양 조발대교 지나기 전 공정마을에 있다.
※ 반려동물 동반불가",,https://www.instagram.com/cafe_g.j,전라남도 여수시 장수로 634,,연중무휴,있음(무료),,,,,,,,,,,,,,,,,,,,,,,,,,,,,,,,,,,,,,,,,,,,,,,,,,,,,,,"월~금요일 10:00~19:30
토~일요일 10:00~20:00",공정라떼,"피넛크림라떼, 핑크레몬에이드, 디저트 등",,,,,,,,,,,,,,,,,,,
5614,카페태백산맥,"카페이자 술집인 카페태백산맥은 수제 동동주와 함께 직접 만든 음식만 판매한다. 실내, 야외, 룸까지 다양한 자리가 많아 단체 모임이나 행사하기 좋다. 한옥으로 지은 카페이고 주차할 수 있는 공간은 여유로운 편이다. 별도의 와인바가 있는 공간, 춥지 않은 날에 즐기기 좋은 야외 테라스는 여수 시내 전경을 볼 수 있는 뷰이다. 신발을 벗고 입장하는 한옥 내부로 들어가면 좌측에는 와인바, 우측으로는 룸이 줄지어 있다. 안주로는 파전, 두부김치, 서대회, 수육이 있고 수제차는 대추차, 레몬차, 자몽차, 한라봉차 등이 있다. 디오션 워터파크, 소호항 등이 주변에 있어 연계 관광하기 수월하다.",,,전라남도 여수시 소호1길 64-6,,연중무휴,가능,,,,,,,,,,,,,,,,,,,,,,,,,,,,,,,,,,,,,,,,,,,,,,,,,,,,,,,"월~금 12:00~22:00, 주말 11:00~22:00","커피, 와인, 칵테일","수제차, 수육, 두부김치, 파전 등",,,,,,,,,,,,,,,,,,,
5615,독천낙지마당,"낙지마을로 유명한 독천의 낙지요리 전문점이다. 오랜 세월의 흔적이 묻어 있는 간판부터 외관까지 갖춘 노포 맛집이다. 주차장은 따로 갖추고 있지 않아, 승용차를 갖고 방문하는 고객들은 대부분 길가에 주차한다. 입구 옆에 수족관이 놓여 있어 살아 있는 신선한 낙지를 눈으로 직접 볼 수 있다. 좌식과 입식 테이블을 모두 갖추고 있으며, 늘 손님들로 북적인다. 한우갈낙탕과 연포탕 이 집의 대표 메뉴로 원기 회복을 위해 이곳을 찾는 손님들이 주로 찾는 음식이다. 독천 터미널 바로 앞에 있어 쉽게 찾을 수 있어, 터미널 이용객들이 즐겨 찾는다.",,,전라남도 영암군 영산로 15,,연중무휴,없음,,,,,,,,,,,,,,,,,,,,,,,,,,,,,,,,,,,,,,,,,,,,,,,,,,,,,,,"11:00~22:00
※ 영업시간 변동 가능성 있으므로 전화 후 방문 바람",한우갈낙탕,"연포탕, 낙지호롱구이, 세발낙지 등",,,,,,,,,,,,,,,,,,,
5616,율포회센터,"직접 횟감을 골라 식당으로 가면, 상차림 비용을 지불하고 먹을 수 있는 수산물 시장 시스템이다. 규모도 크고, 횟감도 다양하여 지역의 명물 시장으로 알려져 있다. 광어, 전어 등의 횟감과 꽃게, 멍게, 전복 등의 다양한 해산물을 판매하고 있어, 인근 주민들도 즐겨 찾는다. 특히 보성 여행을 즐기기 위해 방문하는 여행객들에게는 필수 코스처럼 여겨지는 곳이다. 해산물을 좋아하는 사람이라면 한 번쯤 방문해 볼 것을 추천한다. 무엇보다 신선한 해산물을 다양하게 취급하기 때문에, 방문객들의 만족도가 높은 편이다.",,,전라남도 보성군 남부관광로 2272,,연중무휴,가능,,,,,,,,,,,,,,,,,,,,,,,,,,,,,,,,,,,,,,,,,,,,,,,,,,,,,,,10:00~20:30,해산물,,,,,,,,,,,,,,,,,,,,
5617,카페로도울,"아기자기한 소품들로 동화 같은 분위기를 연출하는 카페로, 편안한 휴식과 차 한 잔의 여유를 즐기기에 적합한 곳이다. 다양한 원두와 수제 디저트를 매일 준비하고 있으며, 건강한 재료들을 아낌없이 넣은 메뉴들로 방문객들에게 호평을 받고 있다. 다양한 디저트 쿠키들을 매일 직접 만들어 판매하고 있어, 건강한 맛을 찾는 손님들이 즐겨 찾는다. 특히 다양한 꽃들이 카페 곳곳에 진열되어 있어, 꽃집 분위기의 화사함을 원하는 사람들에게 추천할 만한 곳이다. 이순신공원, 웅천친수공원 등이 주변에 있어 연계 관광하기 수월하다.",,,전라남도 여수시 웅남4길 35 1층,,연중무휴,가능,,,,,,,,,,,,,,,,,,,,,,,,,,,,,,,,,,,,,,,,,,,,,,,,,,,,,,,"- 주말, 월요일, 수요일 10:00~18:00
- 화요일, 목요일, 금요일 10:00~22:00",제철과일 파블로바,당근케이크 / 티라미슈 / 생 딸기라떼 / 카페라떼 / 카푸치노 등,,,,,,,,,,,,,,,,,,,
5618,잠수기3호 횟집,"다소 허름해 보이지만, 오랜 세월의 흔적이 묻어 있는 맛집 포스가 물씬 풍기는 여수의 회 맛집이다. 외관에 비해 내부는 깔끔한 편이다. 현지인들이 적극적으로 추천하는 횟집으로, 인근 주민들이 손님을 접대할 때 즐겨 찾는 곳으로도 유명하다. 모둠회가 이 집의 대표 메뉴이며 봄에는 도다리, 여름에는 하모, 겨울에는 새조개가 계절 메뉴로 판매되고 있다. 모둠회를 주문하면 푸짐한 해산물이 밑반찬으로 나오는데, 해산물을 먹기 위해 이곳을 찾는 손님도 적지 않다.",,,전라남도 여수시 어항단지로 24,,연중무휴,,,,,,,,,,,,,,,,,,,,,,,,,,,,,,,,,,,,,,,,,,,,,,,,,,,,,,,,11:00~21:30,모둠회,계절메뉴,,,,,,,,,,,,,,,,,,,
5619,유명횟집,"여수에서 30년 넘게 신선한 자연산 회만 고집해 온 지역 맛집으로, 한 상 가득 차려지는 푸짐한 곁들이 찬이 싱싱하고, 맛깔스럽기로 유명한 곳이다. 고기들로 가득 찬 외부의 수조가 깨끗해 횟감의 신선함을 눈으로 직접 확인할 수 있고, 식당 내부도 깔끔함을 자랑한다. 광어, 참돔, 감성돔, 우럭, 자연산 모둠회뿐만 아니라 갯장어 샤부샤부 등도 즐길 수 있다. 가족, 연인, 친구, 지인과의 모임에서 즐기는 쫄깃한 자연산 회와 푸짐한 찬들은 자꾸만 생각나는 맛이다. 돌산대교에서 5분 거리며, 전남대학교 국동 캠퍼스 바로 옆에 있어 찾기도 쉽다.",,http://bbsj.kr/유명횟집,전라남도 여수시 국포1로 103,,연중무휴,가능,,,,,,,,,,,,,,,,,,,,,,,,,,,,,,,,,,,,,,,,,,,,,,,,,,,,,,,11:00~22:00,하모(소) + 스끼다시 / 자연산모듬회 + 스끼다시,광어(소) + 스끼다시 / 우럭(소) + 스끼다시 / 매운탕 등,,,,,,,,,,,,,,,,,,,
5620,한우햄버거,"여수 사람이라면 모르는 사람이 없는 30년 이상 역사를 가진 야식집이다. 주차는 가게 앞에 가능하지만 자리가 없을 경우 도로나 골목 주차가 가능한 곳에 할 수 있다. 여고 앞 분식집 같은 느낌의 한우햄버거는 가게 앞에서 주문해서 서서 먹어도 되고 내부에 자리가 있으면 앉아서 먹을 수도 있다. 테이블은 3개 정도 있어 10명 정도 내부에서 식사 가능하다. 고추가루, 쌀, 소고기, 김치 모두 국내산만 사용한다. 양상추, 햄, 오이, 계란 무침 그리고 한우 패티가 얇게 들어간 한우햄버거는 옛날 추억의 맛을 그대로이다. 한우 햄버거 외에도 샌드위치, 군만두, 떡볶이, 비빔국수도 있다. 여수영어타운이 근처에 있어 연계 관광하기 수월하다.",,,전라남도 여수시 좌수영로 32-1,,매주 일요일,불가,,,,,,,,,,,,,,,,,,,,,,,,,,,,,,,,,,,,,,,,,,,,,,,,,,,,,,,18:00 ~ 03:00 (여름철 새벽 4시 마감),한우햄버거,우거지해장국 / 군만두 / 샌드위치 / 비빔국수 / 비빔밥 등,,,,,,,,,,,,,,,,,,,
5621,옛고향식당,"덕양 곱창 골목 안에 있는 2층 건물의 아귀찜 맛집이다. 룸은 따로 없고 최대 6명씩 마주 보며 앉을 수 있는 테이블이 낮은 벽으로 분리되어 있고 4명씩 앉는 일반 테이블 자리가 따로 있다. 메뉴는 아귀찜과 대창으로 단 두 가지다. 식당 건물 앞쪽으로 전용 주차장이 넓게 있고, 전용 주차장이 다 찼을 경우 멀지 않은 곳에 또 다른 주차장이 있어 무료로 이용할 수 있다. 옛 고향식당에서 말하는 대창은 소, 돼지의 내장 기관이 아니라 아귀에 모여 있는 창자들을 모아둔 것을 의미한다.",,,전라남도 여수시 하세동길 29,,"매달 1, 3번째 수요일",가능,,,,,,,,,,,,,,,,,,,,,,,,,,,,,,,,,,,,,,,,,,,,,,,,,,,,,,,11:00~19:30 (브레이크타임 14:30~16:30),아귀찜,대대창 / 중대창,,,,,,,,,,,,,,,,,,,
5622,빅토리아치킨 월야점,"함평 월야면의 오리날개튀김 맛집으로 소문난 곳이다. 테이블이 4개 정도 되는 작은 식당이지만, 홀 손님보다는 포장 손님들이 훨씬 많이 찾는다. 치킨집인 만큼 후라이드치킨, 양념치킨, 간장치킨, 순살치킨뿐만 아니라 이 집의 대표 메뉴인 오리날개튀김도 판매한다. 오리날개튀김은 뼈를 잡고 한입에 쏙 발라먹을 수 있도록 손질되어 나오기 때문에, 먹기 편리하다. 방문 전 영업시간 확인 후 방문하길 추천하며, 오리날개튀김은 방문 전 최소 1시간 전에 예약하고 방문해야 기다리지 않고 찾아갈 수 있다. 달맞이공원이 주변에 있어 연계 관광하기 수월하다.",,,전라남도 함평군 밀재로 1515-1,,매주 월요일,불가능 (갓길 주차),,,,,,,,,,,,,,,,,,,,,,,,,,,,,,,,,,,,,,,,,,,,,,,,,,,,,,,영업시간 전화로 확인 후 방문,후라이드치킨,양념치킨 / 간장치킨 / 오리날개튀김,,,,,,,,,,,,,,,,,,,
5623,연탄창고 여수죽림점,"연탄창고는 신선한 돼지고기를 연탄불에 구워 먹는 집으로 꽃 삼겹살, 통삼겹살, 깍뚝목살, 갈매기살, 항정살이 준비되어 있고 기본 3인분부터 주문할 수 있다. 기본 찬은 갓김치, 고추절임, 쌈 채소, 어묵탕, 마늘 등이 나온다. 오래된 노포 느낌으로 둥근 불판에 자리마다 환풍기가 설치되어 있으며, 3~4명씩 앉을 수 있도록 의자가 놓여 있어 친구, 연인, 가족, 회사 동료들과 회식하기도 좋다. 테이블은 약 10개 정도 있으나 저녁에는 대기 줄이 길 때도 있다. 주차 공간은 따로 없지만, 길가에 주차할 수 있다. 죽림근린공원, 유월드 루지 테마파크 등이 가까워 연계 관광하기 수월하다.",,,전라남도 여수시 죽림2길 33-11 1층,,매주 일요일,불가능,,,,,,,,,,,,,,,,,,,,,,,,,,,,,,,,,,,,,,,,,,,,,,,,,,,,,,,16:00~22:00,꽃삼겹살,깍뚝목살 / 생삼겹살 / 항정살 / 갈매기살 / 대패삼겹살 등,,,,,,,,,,,,,,,,,,,
5624,계동횟집,"빨간 2층 벽돌집의 가게 외관이 마치 가정집을 개조한 듯한 분위기의 횟집이다. 입구 쪽에 주차가 가능하며, 식당 바로 옆에 공영 노상주차장이 있어, 주차 걱정 없이 방문할 수 있다. 플레이팅보다는 맛과 양에 더 신경을 쓰기 때문에 다소 투박해 보일 수 있지만, 회를 좋아하는 사람들은 그 맛에 이 집을 찾는다고 할 수 있다. 이 집의 대표 메뉴이자 유일한 메뉴는 모듬회이며, 회와 함께 곁들이는 양파 쌈장이 손님들 사이에서는 더 유명하다. 한우드림 동물체험장, 돌산평사리고니도래지 등이 주변에 있어 연계 관광하기 수월하다.",,,전라남도 여수시 계동해안길 48,,전화 문의 요망,가능,,,,,,,,,,,,,,,,,,,,,,,,,,,,,,,,,,,,,,,,,,,,,,,,,,,,,,,"12:00~20:00
※ 방문 전 전화 문의 후 방문 요망 (예약 권장)",모듬회,모듬회 등,,,,,,,,,,,,,,,,,,,
5625,바다동산,"해남군 모범업소로 지정된 바다동산은, 방송에도 여러 번 소개되었을 만큼 유명한 집이다. 지역 특화 음식으로 개발한 해산물을 주재료로 한 자연밥상 상차림을 내오는 식당인데, 기본으로 해초전, 파래무침, 톳무침 등 해조류, 나물류로 만든 건강한 반찬으로 이루어져 있다. 해초와 게장, 전복장, 매생이국 등이 나오는 톳밥 정식 코스와 3kg 넘는 삼치만 사용해 삼치회, 삼치구이, 삼치 매운탕, 튀김 등이 나오는 삼치코스가 인기 메뉴다. 식사로는 달콤한 해남 고구마가 들어간 톳 밥과 바지락 미역국이 나온다. 가까운 곳에 자연사 박물관, 갈두항 등이 있어 함께 둘러 보기 좋다.
※ 반려동물 동반 불가",,http://blog.naver.com/dlguddla12,전라남도 해남군 땅끝마을길 52 동산회관,,연중무휴,있음 / 주차요금 없음,,,,,,,,,,,,,,,,,,,,,,,,,,,,,,,,,,,,,,,,,,,,,,,,,,,,,,,09:00~22:00,톳밥(A/B/C)코스,"활어회, 전복해물뚝배기, 매생이국 등",,,,,,,,,,,,,,,,,,,
5626,여수맛집 봉초밥,"가게 내부에는 칸막이가 있는 방도 있고, 홀 그리고 2층까지 있다. 룸은 신발 벗고 편안하게 의자에 앉아 식사할 수 있게 되어 있고 홀에는 4명~6명씩 앉을 수 있는 테이블이 가득하다. 단, 룸이 많지는 않기 때문에 프라이빗한 모임이나 식사를 하기 전에 예약하기를 추천한다. 한식, 일식, 복어조리기능사를 보유한 일식 장인이 매일 새벽 시장에서 공수해 온 좋은 재료로 음식을 만든다. 대표 메뉴는 봉모둠 초밥, 활어 초밥, 스테이크 초밥, 한우육사시미 초밥, 연어 초밥, 모둠 초밥이다.",,,전라남도 여수시 시청서5길 7,,연중무휴,가능 (공영주차장 2시간 무료),,,,,,,,,,,,,,,,,,,,,,,,,,,,,,,,,,,,,,,,,,,,,,,,,,,,,,,11:30~22:00,모둠초밥,특선초밥 / 특모둠초밥 / 봉모둠 초밥 / 모둠 사시미 / 회덮밥 등,,,,,,,,,,,,,,,,,,,
5627,몽소베이커리 고구마빵,"고급스러운 분위기에, 깔끔한 내부 인테리어가 인상적인 몽소베이커리는 자연 친화적으로 발효종을 배양시켜 얻어지는 효모로 만든 천연 발효종 빵을 만드는 곳이다. 이스트를 최소화하고, 오랜 시간이 소요되는 자연발효 방법으로 만든 빵은 소화가 잘되고 당지수도 낮아 건강하게 먹을 수 있다. 특히 해남 특산물 고구마로 만든 앙금을 넣어 만든 쫄깃한 찰고구마빵이 유명하다. 그 외 고구마 브리오슈, 자몽 타르트, 먹물 바게트 등 다양한 종류의 빵을 구입할 수 있다. 가게 앞에 주차장이 있어 방문이 편하고, 근처에 우슬 저수지로 가볍게 산책하기도 좋다. 택배 주문도 가능하다.
※ 반려동물 동반 불가",,,전라남도 해남군 해남읍 남부순환로 5 정하메디컬센터 102호,,매주 일요일,가능,,,"테이블 간격이 넓음. 방문 시, 휠체어 사용자 이용 쉬움
내부 턱 없음.",,,,,"문의 형태 : 여닫이문(건물외부), 자동문(건물내부)
출입통로가 넓어 휠체어, 전동 스쿠터 이용자 진입 쉬움.","장애인 전용 주차구역 있음.
식당 건물 내 주차장 있음.",,,,,,,,,,의자식 테이블 있음_무장애 편의시설,,,,,,,,,,,,,,,,건물 출입구 앞,,,,,,,,,,,,,,,,,,,,07:30~22:00,해남 고구마빵,아메리카노 / 카페라떼 / 소금빵 / 앙버터 / 쪽파베이글 등,,,,,,,,,,,,,,,,,,,
5628,여수돼지국밥,"여수 돼지국밥은 수육과 돼지국밥만을 판매하는 지역 맛집으로 여수 시내 거북선공원 근처에 있다. 포장하는 손님도 많은 집으로, 아침 9시에 오픈해 아침식사가 가능하다. 뚝배기 한가득 푸짐한 돼지고기에 콩나물을 듬뿍 넣어 끓인 시원하고 깨끗한 매운맛의 돼지국밥이 사람들 입맛을 돋우고, 잡내 없이 야들야들한 수육은 삶은 부추와 김치에 싸서 먹으면 그 부드러운 맛이 입안을 가득 채운다. 현지인들이 추천하는 찐 맛집이라 한 번 맛보면 다시 찾고 싶은 집이다. 돼지국밥 뿐만 아니라 수육도 꼭 같이 먹어봐야 한다.",,,전라남도 여수시 학동서1길 12,,일요일,없음,,,,,,,,,,,,,,,,,,,,,,,,,,,,,,,,,,,,,,,,,,,,,,,,,,,,,,,10:30~20:30(브레이크타임 14:30~16:30),"돼지국밥, 수육","돼지국밥, 수육",,,,,,,,,,,,,,,,,,,
5629,갓버터도나스,"여수 중앙동 로터리에 있는 갓버터도나스는 여수 대표 특산품인 돌산갓과 프랑스산 고메 버터와의 환상적인 비율을 찾아 만들어 낸 갓버터크림 도넛을 판매하는 곳이다. 매일 직접 수제로 반죽하고 발효해 만든 튀김 도넛에 갓버터크림을 넣어 고소함과 달콤한 맛이 환상적이다. 아담한 크기의 가게에 테이블 없이 갓버터도나스와 옥수수도나스, 밀크티, 더치커피만을 포장으로 판매한다. 돌산갓이 들어가 느끼하지 않은 크림 맛에 표면을 감싸는 시럽 코팅이 달콤함을 더해주는 갓버터도나스는 여수를 방문한 여행객들에게 특별한 선물로 기억된다.",,https://www.instagram.com/god_butter_donas/,전라남도 여수시 통제영5길 10-1 1층,,연중무휴,불가 (주변 공영주차장 이용),,,,,,,,,,,,,,,,,,,,,,,,,,,,,,,,,,,,,,,,,,,,,,,,,,,,,,,"09:30~20:00
※ 도넛 소진 시 조기마감",갓버터도나스,옥수수도나스 / 밀크티 / 더치커피 등,,,,,,,,,,,,,,,,,,,
5630,여수대표짬뽕,"여수대표짬뽕은 여수시 선원동의 짬뽕이 유명한 곳으로, 대기해서라도 먹고 싶은 맛집이다. 전용 주차장을 보유하고 있으며, 주문과 동시에 조리에 들어간다. 여수 금오도에서 채집한 방풍 잎을 사용해 반죽한 건강식 면을 넣어 만든 면요리가 메인이다. 쫄깃쫄깃한 면발에 해산물과 고기가 들어간 빨간 짬뽕, 깊이 있는 국물 맛의 하얀 짬뽕, 스트레스가 풀릴 정도로 매운 고추짬뽕, 해산물 가득 유슬짜장 등 다양하게 주문할 수 있다. 해물볶음밥, 잡탕밥 등 밥류, 고소한 맛의 등심 탕수육, 새콤달콤한 소스를 얹은 찹쌀탕수육, 매콤한 사천탕수육, 통통한 새우를 바싹하게 튀긴 레몬크림새우, 고추잡채만두 등 요리류도 맛있다. 성산공원, 여수 선사유적공원 등 식후 산책코스도 좋다.",,,전라남도 여수시 무선8길 17,,매주 월요일,있음/주차요금 없음,,,,,,,,,,,,,,,,,,,,,,,,,,,,,,,,,,,,,,,,,,,,,,,,,,,,,,,10:30~20:30 (라스트오더 20:00),"빨간짬뽕, 탕수육정식","레몬크림새우, 유산슬밥",,,,,,,,,,,,,,,,,,,
5631,석정,"빨간 벽돌로 된 외관이 마치 가정집을 개조해 만든 식당 느낌을 자아내는 곳이다. 바다가 보이는 곳에 있어 운치를 더하며, 식당 내부도 깔끔하게 꾸며져 있어, 편안하게 식사할 수 있다. 메인 메뉴는 수제떡갈비 정식으로 2인 이상 주문이 가능하다. 어린이가 특히 좋아하기 때문에 어린이와 함께 방문하는 가족 단위 손님들이 즐겨 찾는다. 비빔밥, 계절 냉면 등의 메뉴도 있으며, 셀프바도 마련되어 있어 부족함 없이 넉넉하게 즐길 수 있다. 식당 앞에 주차장이 있고 안악해변, 목교저수지 등이 주변에 있어 연계 관광하기 수월하다.",,,전라남도 함평군 석산로 60,,매주 월요일,가능,,,,,,,,,,,,,,,,,,,,,,,,,,,,,,,,,,,,,,,,,,,,,,,,,,,,,,,화~일 10:00 ~ 21:00 (라스트오더 20:00),수제떡갈비 정식 (2인 이상),비빔밥 / 계절 냉면 / 낙지비빔밥 / 사골곰탕 등,,,,,,,,,,,,,,,,,,,
5632,우리기사식당,"신선한 식재료로 맛깔스럽게 요리하는 우리기사식당은 오전 6시~11시까지 조식 백반을 먹을 수 있는 식당이다. 넓은 앞마당이 모두 주차장이어서 현지인은 물론 여행객도 방문하기에 좋다. 식당 안 탁 트인 통창에서 바라보는 남해의 전경은 맛있는 음식과 어우러져 식욕을 자극한다. 기사식당이라는 이름에 걸맞게 10여 가지가 넘는 반찬이 나오는 백반도 맛있지만, 조림이나 탕도 맛있다는 평가다. 메뉴 중 진도 알배기 해물모둠게장은 신선한 꽃게, 전복, 새우, 가리비, 주꾸미 위에 청양고추와 깨를 듬뿍 올려 나오는데, 깔끔하게 매콤한 맛에 비리지 않아 비주얼도 맛도 모두 훌륭하다. 해남의 신선한 해산물 요리를 바다와 함께 즐길 수 있다.
※ 반려동물 동반 불가",,,전라남도 해남군 관광레저로 1707 우리기사식당,,매주 화요일,있음 / 주차요금 없음,,,,,,,,,,,,,,,,,,,,,,,,,,,,,,,,,,,,,,,,,,,,,,,,,,,,,,,06:00~18:00 (라스트 오더 17:00),백반,"진도알배기 해물모둠게장, 장어탕",,,,,,,,,,,,,,,,,,,
5633,가치커피,"2017년 여수시 신기동에서 시작한 가치커피는 2020년 유럽식 외관과 차분하고 고급스러운 인테리어의 실내를 자랑하는 지금의 여수시 안산동으로 이전하여 운영 중이다. 카페 명칭은 가치커피에서 만나는 한 잔의 커피가 매 순간 가치 있기를 바라는 마음에서 지어진 이름이다. 스페셜티 원두를 사용한 다양한 종류의 싱글 오리진 커피와 블랙커피, 밀크커피, 허브 잎차, 아이스티, 디저트류를 만날 수 있다. 가치커피 바로 앞 동동 공원은 바다와 함께하는 산책로가 잘 정비되어 있어 커피 한 잔의 여유와 바다의 여유로움을 함께 할 수 있는 곳이다.",,https://instagram.com/gachi_coffee,전라남도 여수시 장성3길 20 1층,,매주 월요일,가능 (무료),,,,,,,,,,,,,,,,,,,,,,,,,,,,,,,,,,,,,,,,,,,,,,,,,,,,,,,11:00~21:00 (라스트오더 20:30),핸드드립,스카치라테 / 바닐라라테 / 아메리카노 / 초콜릿라테 / 허브잎차 외,,,,,,,,,,,,,,,,,,,
5634,아르쥬,"감각적이고 현대적인 인테리어가 인스타 감성을 자극하는 아르쥬는 여수 시청 뒤편 다세대 주택가 골목 안쪽에 있다. 카페 전용 주차장은 없기 때문에 불법 주정차 구역을 확인해야 한다. 하얀 벽돌로 지어진 집에 출입구부터 투박한 돌들을 수북이 쌓아 올린 간판 하나까지도 감성을 자극한다. 2명~4명이 앉을 수 있는 테이블과 별도의 독립된 공간들이 다른 사람들과의 대화가 섞이지 않도록 만든다. 아메리카노와 패션후르츠에이드가 시그니처 메뉴이며 케이크와 샌드위치 등 다양한 메뉴를 판매한다. 용기공원, 거북선공원 등이 주변에 있어 연계 관광하기 수월하다.",,http://instagram.com/cafe_arzu,전라남도 여수시 시청서2길 55-8,,매주 월요일,불가,,,,,,,,,,,,,,,,,,,,,,,,,,,,,,,,,,,,,,,,,,,,,,,,,,,,,,,11:00~21:00 (라스트오더 20:20),아메리카노,패션후르츠에이드 / 카페라떼 / 녹차라떼 / 말차케이크 / 우유크림롤 등,,,,,,,,,,,,,,,,,,,
5635,KITCHEN106,"전남 여수시에 위치한 키친 106은 이탈리안 음식 전문점이다. 테이블은 7개 정도 되는 식당으로 규모가 크진 않지만, 다양한 파스타, 피자, 리소토, 팬 치즈를 즐길 수 있다. 각종 파스타와 스테이크라이스가 이 집의 대표 메뉴로, 요리 경력이 풍부한 오너 셰프의 이탈리안 요리의 참맛을 즐길 수 있다. 가격대가 높지 않아 부담 없이 즐길 수 있으며, 어린이와 방문하기에도 좋다. 인근에 소호항, 가덕도 등이 자리하여 함께 관광하기 좋다.",,,전라남도 여수시 소호6길 7-4 소호빌 1층,,월요일,"가능
요금 (무료)",,,,,,,,,,,,,,,,,,,,,,,,,,,,,,,,,,,,,,,,,,,,,,,,,,,,,,,"11:30~21:00 (브레이크타임 14:30~17:30, 라스트오더 20:00)",파스타,스테이크라이스 / 비스떼카 리소토 / 팬치즈 / 샐러드 / 커피 등,,,,,,,,,,,,,,,,,,,
5636,장가네토종닭,"장가네토종닭은 시골 할머니 댁 같은 분위기의 외관을 갖고 있다. 매장은 홀과 룸으로 나뉘어 있고 홀은 4개 테이블 정도, 룸은 4~5개 정도 있어 단체 회식도 충분히 가능한 규모이다. 홀은 좌식으로 되어 있고 룸은 입식으로 되어 있기 때문에 선호하는 자리로 예약하면 된다. 메뉴는 코스요리, 황칠백숙, 지리산옻닭, 한방백숙, 토종닭구이, 닭볶음탕이 있고 모든 재료는 국내산만 쓴다. 닭 코스 요리는 두루치기부터 백숙까지 닭 한 마리를 여러 가지 레시피로 조리해 먹는 것이고 닭 육회가 나온다는 것이 특이점이다. 토종닭은 조리시간이 길고 동시간대 예약이 많아 밀릴 수 있기 때문에 최소 2~3시간 전에 예약해야 기다림 없이 먹을 수 있다. 전용 주차장이 넓게 있어 주차 걱정은 안 해도 된다.",,,전라남도 여수시 소호관기로 200,,연중무휴,가능,,,,,,,,,,,,,,,,,,,,,,,,,,,,,,,,,,,,,,,,,,,,,,,,,,,,,,,11:30~21:00,닭코스,지리산옻닭 / 황칠백숙 / 닭구이 / 닭볶음탕,,,,,,,,,,,,,,,,,,,
5637,155,"남북이 산지, 동서가 바다인 여수시 율촌은 밤나무가 많아 이름 지어진 곳이다. 어여쁜 이름만큼이나 율촌의 해지는 저녁노을도 아름다운데, 바다 바로 앞에 있어 저녁이면 드리워지는 노을의 빛을 오롯이 감상할 수 있는 카페가 155이다. 아름답게 가꾸어진 정원을 지나 층계를 오르면 한 폭의 그림처럼 지어진 카페를 만날 수 있고, 아치형 문을 지나 널따란 공간 속에 오션뷰를 담을 수 있는 창가 테이블들이 준비되어 있다. 시간을 담은 아기자기한 인테리어 소품들이 돋보이는 카페에는 은은하면서도 고소한 커피 향이 편안함을 준다. 카페 155의 테라스에서 보는 저녁노을과 율촌 바다가 주는 오묘하고 아늑한 휴식의 시간은 잊지 못할 추억을 선사한다.",,,전라남도 여수시 내리길 106-1,,매주 월요일,있음(무료),,,,,,,,,,,,,,,,,,,,,,,,,,,,,,,,,,,,,,,,,,,,,,,,,,,,,,,10:00~19:30,에스프레소,"아메리카노, 카페라떼, 디저트류",,,,,,,,,,,,,,,,,,,
5638,정우굴구이,"정우 굴구이는 바람이 차가워지는 10월 중순부터 3월 말까지만 운영하는데, 제철에만 맛볼 수 있는 굴을 재료로 하는 굴 전문점이다. 5,000㎡가 넘는 굴 양식장을 직접 운영해 매일 굴을 수확해 신선함이 뛰어나다. 깨끗하게 세척한 굴을 직화로 구워 먹는 굴구이, 굴 향 가득 품고 바싹한 식감을 자랑하는 굴파전, 초장에 버무려 매콤 새콤한 굴회무침, 시원한 굴라면, 든든한 한 끼 굴돌솥밥 등 굴로 만든 음식들이 다양하게 준비되어 있다. 방문객이 가장 많이 찾는 굴구이는 직화로 구운 굴을 왼손에 목장갑, 오른손의 나이프를 사용해 먹으면 되는데, 통통하게 살이 오른 굴을 초장에 찍어 먹으면 쫄깃한 겉과 부드러운 속을 같이 음미할 수 있어 먹는 재미와 행복을 같이 느낄 수 있다.",,,전라남도 여수시 안굴전길 57,,4월~10월초,가능,,,,,,,,,,,,,,,,,,,,,,,,,,,,,,,,,,,,,,,,,,,,,,,,,,,,,,,"10:00~22:00
※ 10월 중순~3월 중에만 영업",굴구이,굴찜/굴죽/굴파전/굴회무침/굴돌솥밥,,,,,,,,,,,,,,,,,,,
5639,진복회센타,"흔한 동네 횟집이 연상되는 곳이지만, 여수 현지인들이 즐겨 찾는 소문난 맛집이다. 진복회센타는 회를 주문하면 삼치, 민어, 키조개관자, 학꽁치, 병어 등의 제철 해산물이 맛보기 회로 나온다. 홀에는 4명씩 앉을 수 있는 입식 테이블과 룸은 4개 테이블 정도 있어 미리 개별적인 룸을 이용하고 싶다면 예약하는 것을 추천한다. 소라, 멍게, 해삼은 물론, 전복회도 푸짐하게 등장한다. 메인 회는 광어, 우럭, 놀래미, 감성돔으로 구성되고, 찐새우, 누룽지 탕수육, 튀김까지 바다의 참맛을 즐길 수 있다. 주차장이 협소하기 때문에 만차 시 골목에 주차해야 한다. 여문공원, 그루터협동조합 등이 근처에 있어 연계 관광하기 수월하다.",,,전라남도 여수시 문수8길 30,,매주 일요일,가능,,,,,,,,,,,,,,,,,,,,,,,,,,,,,,,,,,,,,,,,,,,,,,,,,,,,,,,17:00~22:00,줄돔 세트,능성어 / 감성돔 / 도다리 / 일반회 / 사시미 등,,,,,,,,,,,,,,,,,,,
5640,카틀레야,"카틀레야는 여수 죽림 맛집으로 건물 2층에 있는 스테이크, 피자, 파스타 등 양식 전문점이다. 내부는 백열전구가 알알이 분위기를 더 좋게 만들며 4명~6명이 앉는 테이블이 배치되어 있고, 아기 의자도 별도로 준비되어 있어 가족 식사 장소로도 추천한다. 룸 공간도 따로 있어 연말 모임 장소나 프라이빗 한 소개팅, 상견례 장소로도 이용할 수 있다. 전체적으로 고급스러우면서 안락한 분위기를 풍긴다. 건물 뒤편에 공영주차장(무료)이 준비되어 있어 주차 걱정이 없다. 주변에 죽림근린공원, 유월드루지테마파크가 있어 연계 관광하기 수월하다.",,https://www.instagram.com/cattleya_yeosu,전라남도 여수시 죽림중앙로 10 2층,,연중무휴,가능 (무료),,,,,,,,,,,,,,,,,,,,,,,,,,,,,,,,,,,,,,,,,,,,,,,,,,,,,,,11:00 ~ 21:00 (브레이크타임 15:00~17:00 / 라스트오더 20:00),한우 안심 스테이크,김치 필라프 / 비프 파스타 / 한우 안심 스테이크 / 베이컨파스타 / 해산물파스타 등,,,,,,,,,,,,,,,,,,,
5641,카페 항해,"카페 항해는 한글로 된 간판 대신 항해사가 쥐는 방향키 로고만 붙어 있기 때문에 초록색 문 옆 닻과 문 위로 빛바랜 방향키를 찾으면 된다. 카페 외부는 갑판 위를 연상케 하는 바닥에 캠핑 의자 4대가 놓여 있어 날씨가 따뜻하고 좋은 날에는 바깥에서도 커피 한잔을 할 수 있다. 내부는 테이블, 의자 모두 항해라는 콘셉트로 2~3인 앉을 수 있는 테이블 2개, 4인 테이블 3개 정도 있는 규모이다. 머신 없이 모카포트로만 커피를 내리는 전문점이고 과일청, 디저트, 시럽, 파우더 모두 카페에서 직접 수제로 만드는 정성이 가득한 카페이다. 카페 바로 뒤편에 주차할 수 있으며, 휠체어도 진입할 수 있다.

※ 반려동물 동반 가능 (단, 개목줄 착용, 배설물 처리를 위한 비닐봉지 등을 구비한 이용객에 한하여 허용)",,,전라남도 여수시 국포1로 27,,"매주 월요일
※ 매월 첫째 주 월요일, 화요일 이틀 휴무","가능
요금 (무료)",,,출입구까지 턱이 없어 휠체어 접근 가능함,,,,,주출입구는 턱이 없어 휠체어 접근 가능함(수동문),,,,,,,,,,,의자식 테이블 있음_무장애 편의시설,,,,,,,,,,,,,,,,,,,,,,,,,,,,,,,,,,,,10:00~19:00,진저밀크티,카페제제 / 스트라빠짜토 / 토피푸딩 / 만선커피 / 오레그랏세 (연유라떼) 등,,,,,,,,,,,,,,,,,,,
5642,여수냉면,"소라면사무소에서 도보 1분 거리의 여수냉면은 냉면, 해물칼국수 맛집이다. 여수 갓김치가 들어간 여수 갓 냉면은 직접 반죽한 면과 한우 사골육수로 여수에서만 맛볼 수 있는 특별한 음식이다. 깔끔한 외관과 내부에 모든 재료를 국내산만 사용한다. 냉면은 사계절, 콩국수는 3월에서 10월 사이, 해물칼국수는 9월에서 4월까지, 굴 떡국은 10월에서 3월까지 즐길 수 있다. 숟가락, 젓가락이 개별 포장되어 있고 음식 먹을 때 필요한 조미료들이 테이블마다 구비되어 있다. 4명이 앉을 수 있는 테이블이 약 10개 정도 있다. 주차는 매장 뒤에 있는 주차장에 하면 된다. 유월드 루지 테마파크, 여수 갯벌 노을 마을 등이 가까이 있어 연계 관광하기 수월하다.",,,전라남도 여수시 소라면 덕양로 394-1,,매주 일요일~월요일,가능,,,,,,,,,,,,,,,,,,,,,,,,,,,,,,,,,,,,,,,,,,,,,,,,,,,,,,,11:00~15:00 (라스트오더 14:30),물냉면,비빔냉면 / 콩국수 / 만두 / 해물칼국수 / 굴떡국 등,,,,,,,,,,,,,,,,,,,
5643,선창가 새조개 하모샤브샤브,"여수 참장어(하모) 거리에서 원조 격인 집으로 하모 샤부샤부를 판매하는 가게 중 가장 끝에 위치한 신축 2층 건물에 있다. 25년간 한자리를 지켜온 여수 토박이 맛집으로 하모 샤브샤브, 사시미, 유비끼(끓는 물에 살짝 데치는 것)가 추천 메뉴다. 4월까지는 새조개 철이고 5월부터 11월까지가 하모 철이라 제철에 맞는 해산물을 신선하게 즐길 수 있다. 하모 거리는 바로 바닷가에 접하기 때문에 바다 내음과 정박해 있는 배들 덕분에 더욱 더 분위기가 있다. 4명에서 8명이 앉을 수 있는 입식 좌석이 1, 2층 빼곡하게 있어 단체로 가도 주차 걱정, 자리 걱정 없이 편안하게 식사할 수 있다. 자가용 이용 시 참장어(하모)거리 간판이 나오는 입구에 주차하고 좁은 골목길을 걸어가면 가장 끝자락에 있다. 남산공원, 영당 등이 주변에 있어 연계 관광하기 수월하다.",,,전라남도 여수시 남산남1길 27 1층,,연중무휴,가능,,,,,,,,,,,,,,,,,,,,,,,,,,,,,,,,,,,,,,,,,,,,,,,,,,,,,,,09:00~22:00,하모샤브샤브,하모사시미 / 붕장어샤브샤브(겨울메뉴) / 활어회(겨울메뉴) 등,,,,,,,,,,,,,,,,,,,
5644,보물섬,"‘보물섬’은 여수 엑스포공원 근처 맛집으로 해물 전복물회, 전복죽, 전복 비빔밥으로 유명한 식당이다.
테이블 6~7개의 작은 식당이지만 모든 해산물은 여수 개도에서 직접 키우거나 잡은 것을 사용해 신선하고, 저렴하게 판매하고 있다. 전복과 내장을 넣어 고소한 맛을 자랑하는 전복죽, 여러 가지 나물들과 전복을 듬뿍 넣고 양념 고추장에 비벼 먹는 전복 비빔밥, 싱싱한 채소에 해산물 가득 새콤달콤 맛있는 해물 전복물회가 메인메뉴이다.",,,전라남도 여수시 하멜로 49,,매주 월요일,불가,,,,,,,,,,,,,,,,,,,,,,,,,,,,,,,,,,,,,,,,,,,,,,,,,,,,,,,11:00~22:00 (브레이크타임 14:30~17:30 / 라스트오더 21:00),해물전복물회,전복회 / 전복버터구이 / 전복죽 / 전복비빔밥 / 계절메뉴 등,,,,,,,,,,,,,,,,,,,
5645,바다맛물회 여수,"평범한 동네 횟집 같은 외관에 깔끔하면서도 연륜이 느껴지는 듯한 실내가 맛집의 포스를 풍기는 물회 맛집이다. 여수 엑스포 물회의 원조집으로 알려진 곳으로, 지역 주민들뿐만 아니라 타지 관광객들에게도 물회 맛집으로 소문난 곳이다. 국내산만 사용하는 듯 원산지 표지판에 국내산만 적혀 있는 것이 눈에 띈다. 활어 물회와 해물 물회가 이 집의 대표 메뉴이며 전복물회, 모둠물회 등 물회 종류가 참으로 다양하다. 근처에 공용주차장이 있어 주차 걱정 없이 방문할 수 있다. 동동공원, 안산소공원 등이 주변에 있어 연계 관광하기 수월하다.",,,전라남도 여수시 돌산읍 강남로 72 1층,,매주 목요일,가능,,,,,,,,,,,,,,,,,,,,,,,,,,,,,,,,,,,,,,,,,,,,,,,,,,,,,,,"10:30~21:00
- 평일 준비 시간 15:00~17:00
- 주말 준비 시간 16:00~17:00
마지막 주문 20:30",삼합물회,해물물회 / 전복물회 / 모둠물회 등,,,,,,,,,,,,,,,,,,,
5646,미로횟집,"여수 미로횟집은 자연산 대물 생선을 판매하는 횟집으로, 계절별 신선한 어종을 두 가지씩 제공한다. 주문 금액에 따라 다른 어종을 주문할 수 있으며 기본으로 맑은탕, 조개탕, 피조개, 해삼, 멍게, 전복, 문어, 새우, 해삼 등이 나온다. 먹기 좋게 썰어져 나온 생선회는 쫄깃하게 씹히는 맛이 일품이다. 밥에 채소와 김을 넣고 신선한 회를 얹은 회덮밥을 만들어 먹어도 좋다. 오후 5시에 개점해 밤 10시까지만 운영하는 식당이기 때문에 예약하는 게 좋다.",,,전라남도 여수시 시청서3길 18 1층,,일요일,없음,,,,,,,,,,,,,,,,,,,,,,,,,,,,,,,,,,,,,,,,,,,,,,,,,,,,,,,17:00~22:00,1인 생선회,"감성돔, 돌돔, 능성어, 다름바리, 옴도다리",,,,,,,,,,,,,,,,,,,
5647,평원가든,평원가든은 예로부터 녹용에 버금가는 약용동물 식품으로 궁중 왕실과 사대부 양반들이 즐겨 먹던 흑염소 요리 전문점이다. 흑염소 농장 직영점이라 직접 기르고 당일 잡은 고기로 조리해서 손님 상에 올린다. 실내는 넓은 홀과 룸으로 구성되어 있는데 신발을 벗고 들어가 앉아서 먹는 좌식 스타일의 테이블이 있고 별도의 룸도 있어 예약할 때 참고하면 된다. 흑염소 수육을 주문하면 탕이 무료로 제공된다. 전용 주차장이 바로 식당 앞에 있고 8~10대 정도 주차할 수 있는 공간이라 주차 걱정 없이 이용 가능하다. 재료 소진 시 조기마감될 수 있으니 방문 전 영업여부를 확인해 보는 것이 좋다.,,,전라남도 여수시 주삼덕양로 76-20,,매주 월요일,가능,,,,,,,,,,,,,,,,,,,,,,,,,,,,,,,,,,,,,,,,,,,,,,,,,,,,,,,11:00~20:30 (브레이크타임 14:40~17:00 / 라스트오더 19:20),흑염소탕,흑염소수육,,,,,,,,,,,,,,,,,,,
5648,묵돌이식당,"입구에 있는 수족관에서부터 싱싱하게 살아있는 전어가 보인다. 입구로 들어가면 나오는 긴 복도를 지나 입식으로 홀 좌석도 있고 별도의 룸도 있어 프라이빗하게 식사를 즐길 수도 있다. 좌식 홀은 4명씩 앉을 수 있는 테이블이 꽤 넓은 간격으로 놓여 있고 테이블마다 위생 테이블보가 덮여 있다. 전어구이, 아구찜, 서대회, 대창찜으로 유명한 곳으로, 가을 전어 철에는 아귀찜 대신 전어회, 전어 초무침, 전어구이까지 전어의 모든 것을 즐길 수 있는 식당이다. 전용 주차장이 별도로 있어 주차 걱정 없다. 디오션 워터파크, 소호동동다리 등이 주변에 있어 연계 관광하기 수월하다.",,,전라남도 여수시 소호4길 8,,매주 일요일,가능,,,,,,,,,,,,,,,,,,,,,,,,,,,,,,,,,,,,,,,,,,,,,,,,,,,,,,,10:30~21:00 (브레이크타임 14:30~16:00 / 라스트오더 20:10),살치,삼치+병어 / 아구찜 / 전어회무침 등,,,,,,,,,,,,,,,,,,,
5649,하멜선어횟집,"낚시꾼의 손맛을 느낄 수 있는 여수시 돌산읍 하멜선어횟집은 각종 선어, 왕갈치, 우럭, 뽈락 등을 전문으로 한다. 활어회와는 또 다른 매력의 선어는 쌈 야채가 아닌 묵은지와 김에 주로 싸 먹는다. 하멜선어횟집은 예약하고 매장에서 먹어도 좋고 포장도 가능하다. 내부는 4명씩 앉는 테이블이 줄줄이 식당 내부를 채우고 있어 단체모임을 하기에도 좋다. 포장으로 먹을 때는 회 접시를 싼 랩에 생선의 종류는 물론, 등살, 뱃살 등 부위와 더불어 무엇을 찍어 먹어야 더 맛있는지에 대한 설명도 친절하게 적어준다. 동네 맛집이지만 늘 손님들이 가득 찬 곳으로 예약하는 것이 좋다. 주차장이 넓어 주차 걱정 없이 방문할 수 있다. 돌산공원, 라마다 짚트랙 등이 주변에 있어 연계 관광하기 수월하다.",,https://www.instagram.com/hanmin_kim1/?hl=ko,전라남도 여수시 강남해안로 57,,연중무휴 (전화 요망),가능,,,,,,,,,,,,,,,,,,,,,,,,,,,,,,,,,,,,,,,,,,,,,,,,,,,,,,,"주중 16:00~02:00
주말 14:00~01:00
※ 자세한 영업시간은 전화 문의 요망",갈치회+선어모듬,돌돔 / 감성돔 등,,,,,,,,,,,,,,,,,,,
5650,맨가엣집,"맨가엣집은 전라도 사투리로 맨 끝에 있는 집이란 뜻이다. 생태터널 맨 가에 위치해서 맨가엣집이라는 이름이 붙었다. 70년대 레트로풍 느낌의 외관이 인상적인 곳으로 식당 안에 들어가면 4명씩 앉을 수 있는 입식 테이블이 10개 정도 놓여 있다. 주방 앞쪽에 8인까지 가능한 테이블이 있다. 전화 예약은 따로 받지 않고 현장에서만 예약, 대기가 가능하다. 주차장은 따로 없기 때문에 도로변 또는 주택가 근처에 대면 된다. 1등급 국내 삼겹살을 숙성 후 급랭하여 직접 썰어서 제공하는 곳으로 기본 주문 3인분부터 가능하며 차림 비는 따로 없고 셀프바에서 채소와 김치를 추가로 이용할 수 있다. 삼겹살을 먹고 나면 빠질 수 없는 볶음밥은 김과 같이 나와 더 고소하게 즐길 수 있다. 주변에 이순신공원, 웅천친수공원 등이 있어 연계 관광하기 수월하다.",,,전라남도 여수시 웅남1길 50-19,,매주 일요일,불가능 (도로변 또는 주택가 근처),,,,,,,,,,,,,,,,,,,,,,,,,,,,,,,,,,,,,,,,,,,,,,,,,,,,,,,월~토 17:00~21:00,급랭삼겹살,"바지락칼국수, 계란말이, 볶음밥 등",,,,,,,,,,,,,,,,,,,
5651,하얀집,"하얀집은 여수시 남산동에 있는 장어요리 전문점이다. 참장어 거리에 위치해 있으며 넓은 통창으로 바다를 보며 다양한 장어 요리를 즐길 수 있다. 대표 메뉴는 갯장어 샤부샤부, 갯장어 회, 갯장어 탕 등이 있다. 갯장어 샤부샤부를 주문하면 10여 가지 반찬이 차려지고 이어 나오는 손질 잘 된 갯장어를 대파, 양파 등을 넣고 끓인 육수에 5초 정도 담가 먹으면 별미이고 양파 쌈, 상추쌈, 방앗잎쌈 등 취향껏 싸서 먹어도 고소하고, 담백한 맛이 일품이다. TV프로그램에 갯장어 맛집으로 소개되었다. 여수 연안여객터미널과도 가까이 있어 교통도 편리하다.
※ 반려동물 동반 불가",,,전라남도 여수시 남산남1길 27-1,,연중무휴,있음 / 주차요금 없음,,,,,,,,,,,,,,,,,,,,,,,,,,,,,,,,,,,,,,,,,,,,,,,,,,,,,,,"11:00~21:30
20:40 라스트오더",갯장어샤브샤브,"갯장어샤부샤부, 갯장어회, 갯장어탕",,,,,,,,,,,,,,,,,,,
5652,솔고개횟집,"바다 바로 앞에 있어 탁 트인 오션뷰에 싱싱한 활어와 자연산 회를 신선하게 즐길 수 있는 횟집이다. 홀에는 4명~12명씩 앉을 수 있는 테이블이 있고, 별도의 룸이 3~4개 정도 마련되어 있다. 가족 모임, 환갑잔치, 회식 등 단체 예약을 해도 자리 문제없이 즐길 수 있으며, 예약을 하면 바다가 보이는 룸으로 배정받을 수도 있다. 아기 의자도 구비하고 있어 아이랑 가기도 좋은 곳이다. 사시미와 하모 유비끼가 이 집의 대표 메뉴이며, 메인 메뉴 주문 시 다양한 밑반찬들이 한 상 가득 차려진다. 주차장은 식당 앞에 크게 있어 주차도 편하다.",,,전라남도 여수시 소호로 223,,매주 일요일,가능,,,,,,,,,,,,,,,,,,,,,,,,,,,,,,,,,,,,,,,,,,,,,,,,,,,,,,,12:00~21:30 (브레이크타임 15:00~17:00),사시미,도다리 / 새조개 / 하모 사시미 등,,,,,,,,,,,,,,,,,,,
5653,함평한우생고기직판장,"KBS 2TV 생생정보통에도 소개된 맛집으로 가성비 좋은 한우 전문점으로 유명하다. 룸과 홀이 있고 좌식, 입식 두 가지 형태라 편한 자리에 착석하면 된다. 기본적으로 12명 이상 들어갈 수 있는 룸이 있어 단체 회식 장소로도 추천한다. 점심 특선으로 선보이는 야채불고기는 무한리필이며 우족탕과 갈비탕도 같은 가격으로 제공한다. 후식으로는 떡국이 나온다. 고기와 같이 사용할 수 있는 각종 양념과 야채도 판다. 아쉽게도 주차공간은 별도로 없기 때문에 도보 이용을 권한다. 여문공원, 그루터협동조합 등이 있어 연계 관광하기 수월하다.",,http://www.ok114.co.kr/0616555959,전라남도 여수시 문수로 152-1,,연중무휴,없음,,,,,,,,,,,,,,,,,,,,,,,,,,,,,,,,,,,,,,,,,,,,,,,,,,,,,,,11:30~22:00,"한우불고기, 한우 생고기 구이 (부위별)","갈비탕, 우족탕, 왕사골곰탕 등",,,,,,,,,,,,,,,,,,,
5654,대풍마차,"여수 현지 주민들이 추천하는 맛집으로, 계절별 제철 회의 참맛을 즐길 수 있는 곳이다. 내부는 룸으로 되어 있어 편안하면서도 프라이빗한 식사를 원하는 이들에게 추천할 만한 곳이다. 봄철 도다리가 이 집의 대표 메뉴이며, 계절별로 다양한 횟감이 준비되어 있어 다채로운 맛을 즐길 수 있다. 반찬도 다양하게 나오기 때문에, 한 상 가득 푸짐하게 즐길 수 있다. 건물 맞은편에 넓은 주차장이 마련되어 있고, 단체석도 마련되어 있어 단체로 방문하기에도 적합하다. 디오션 워터파크, 소호항 등이 주변에 있어 연계 관광하기 수월하다.",,,전라남도 여수시 소호4길 10-1,,연중무휴,가능,,,,,,,,,,,,,,,,,,,,,,,,,,,,,,,,,,,,,,,,,,,,,,,,,,,,,,,10:00~22:00,"도다리(대,중,소)","매운탕(대,중,소) / 전어세트(대,중,소) 등",,,,,,,,,,,,,,,,,,,
5655,해궁 샤브샤브,"여수 참장어거리에 있는 '해궁샤브샤브'는 바닷가 바로 앞에 있는 음식점으로 깨끗하고 탁 트인 실내에서 보는 바다 전경이 아름다운 곳이다. 여름철(5월~11월)에는 갯장어(하모) 샤부샤부와 갯장어회를 판매하고, 겨울철(12월~4월)에는 새조개 샤부샤부와 새조개 삼합(예약 필수)을 판매한다. 여름철 메뉴인 갯장어 샤부샤부는 버섯, 양파, 상추, 깻잎, 부추와 같이 나오는데 갯장어는 7~10초 정도 데쳐 꽃처럼 피면 소스에 찍어 먹으면 된다. 겨울철에 먹는 새조개 샤부샤부는 시금치와 배추, 어묵 등의 채소와 새조개, 차돌박이가 같이 나오는데 10초 정도 육수에 데워먹으면 된다.
※ 반려동물 동반 불가",,,전라남도 여수시 남산남1길 32,,연중무휴,있음 / 주차요금 없음,,,,,,,,,,,,,,,,,,,,,,,,,,,,,,,,,,,,,,,,,,,,,,,,,,,,,,,11:00~22:00,하모샤부샤부,"하모샤부샤부, 새조개샤브샤브와 차돌박이",,,,,,,,,,,,,,,,,,,
5656,대감게장,"25년 전통의 대장게장은 현지인들도 찾는 게장 맛집으로 비리지 않고 살이 꽉 찬 게장을 맛볼 수 있다. 식당 내부는 여유로운 자리 배치로 편안하고 쾌적하게 식사할 수 있다. 게장백반, 게장정식, 갈치조림, 갈치조림정식 등의 메뉴를 판매하며, 메인메뉴인 게장백반은 9가지 반찬에 간장게장, 양념게장, 새우장, 석쇠 구이, 생선구이가 함께 나온다. 꽃게탕과 문어장을 맛보고 싶다면 게장정식을 주문하면 되고, 간장게장이나 양념게장 중 한 가지를 한 번 리필할 수 있다. 여천 터미널, 여천역에서 차량 10분 거리에 있어 접근성이 좋다.",,https://www.instagram.com/daekam_crab/,전라남도 여수시 시청서2길 51-8,,"둘째, 넷째 수요일",없음,,,,,,,,,,,,,,,,,,,,,,,,,,,,,,,,,,,,,,,,,,,,,,,,,,,,,,,09:00~20:50,"게장백반, 게장정식","게장백반, 갈치조림정식, 게장정식, 갈치조림",,,,,,,,,,,,,,,,,,,
5657,옛날두부,"TV 프로그램인 ‘6시내고향’에 순두부찌개 맛집으로 소개된 곳으로 1987년부터 2대째 이어져 내려오는 두부요리 전문식당이다. 매일 직접 두부, 순두부, 두유, 콩물을 만들며, 그렇게 만든 재료로 두부조림, 순두부찌개 등의 두부요리를 만들어 제공한다. 건강하고 맛있는 두부요리를 찾는 손님과 부모님과 함께 온 가족 단위 손님들로 문전성시를 이룬다. 주차장과 단체석이 마련되어 있어 승용차를 갖고 방문하기에도 무리가 없다. 모든 메뉴는 포장해 갈 수 있다. 남산공원과 성안마을 등이 주변에 있어 연계 관광하기에도 좋다.",,,전라남도 화순군 시장길 33 재명상사,,연중무휴,가능,,,,,,,,,,,,,,,,,,,,,,,,,,,,,,,,,,,,,,,,,,,,,,,,,,,,,,,08:00~17:00 (라스트오더 16:30),순두부찌개,두부전골 / 초당순두부 / 청국장 / 두부조림 등,,,,,,,,,,,,,,,,,,,
5658,"달,커피","바다 내음과 멋진 풍경으로 유명한 여수 해안 경관도로를 달리다 보면 도착하는 섬달천도의 아름다운 카페이다. 황홀한 낙조를 감상할 수 있는 이곳은 1층, 야외 테라스, 2층, 루프탑 등으로 이루어진 3층 건물에 조명과 소품을 이용한 센스 있는 인테리어로 꾸며졌고, 카페 안 곳곳에 포토존을 만들어 놓았다. 시그니처 메뉴인 블루오션 문 에이드, 과일 그릭 요거트볼이 유명하고, 생과일 빙수, 크로플 등 다양한 디저트류도 판매한다. 바다를 바라보는 전망 좋은 뷰 덕분에 카페 2층에 앉아서도 창으로 들이치는 노을을 감상할 수 있다. 주변에 여자도를 갈 수 있는 섬달천 선착장이 있다.",,https://www.instagram.com/dalcoffee__/,전라남도 여수시 섬달천길 114-1,,연중무휴,"가능
요금 (무료)",,,,,,,,,,,,,,,,,,,,,,,,,,,,,,,,,,,,,,,,,,,,,,,,,,,,,,,"평일 09:30~19:00 (라스트오더 18:20)
주말 09:30~20:00 (라스트오더 19:20)",과일 그릭 요거트볼,은하 슈페너 / 말차 슈페너 / 말차&오레오 셰이크 / 코코넛 스무디 등,,,,,,,,,,,,,,,,,,,
5659,해지니네집,"독특한 외관의 건물 1층에 있는 해지니네집은 낙지비빔밥, 낙지수제비, 비빔국수, 국수장국 4가지 메뉴만 판매하는 식당이다. 현지 주민에게 소문난 맛집으로, 항상 손님들로 문전성시를 이룬다. 기존에는 저녁 식사도 했지만, 당분간 저녁 영업은 하지 않는다. 낙지비빔밥이 대표 메뉴로 살 오른 낙지와 특제 양념이 조화를 이루어, 이 집만의 특별한 맛을 완성시켰다. 이순신공원, 웅천친수공원 등이 주변에 있어 연계 관광하기 수월하다.",,,전라남도 여수시 웅남3길 17,,매주 토요일,불가능 (인근 공영주차장 이용),,,,,,,,,,,,,,,,,,,,,,,,,,,,,,,,,,,,,,,,,,,,,,,,,,,,,,,11:00~15:00,낙지비빔밥,낙지수제비 / 비빔국수 /국수장국,,,,,,,,,,,,,,,,,,,
5660,호랭이게장,"호랑이게장은 노란색 간판에 빨간색 상호가 눈에 띄는 봉산게장 골목의 숨은 맛집이다. 48시간 이상 저염 숙성시킨 간장 게장을 판매하는 게장 백반 전문점이다. 게장 백반이 이 집의 대표 메뉴인데, 게장뿐만 아니라 한 상 가득 차려지는 반찬들도 다양해 남도의 손맛을 진하게 느낄 수 있다. 특히 양념게장과 간장게장 둘 다 제공되기 때문에, '양념이냐?, 간장이냐?' 고민 없이 즐길 수 있다. 국동항수변공원, 봉산공원 등이 주변에 있어 연계 관광하기 수월하다.",,,전라남도 여수시 봉산남3길 13 연립주택,,연중무휴,있음,,,,,,,,,,,,,,,,,,,,,,,,,,,,,,,,,,,,,,,,,,,,,,,,,,,,,,,매일 09:00 ~ 22:00,게장 백반,"갈치조림, 간장게장 (대, 소), 양념게장 (대, 소) 등",,,,,,,,,,,,,,,,,,,
5661,환영식당,"덕양곱창거리 안에 있는 여수 현지 주민들이 즐겨 찾는 곱창전골 전문점이다. 곱창을 즐겨 먹는 사람들 사이에서는 소문난 맛집으로 통한다. 가게 앞에 넓은 주차장이 마련되어 있어, 주차 걱정 없이 편하게 방문할 수 있다. 가성비 좋은 곳으로도 알려져, 부담 없이 즐길 수 있다. 소곱창전골, 돼지곱창전골을 모두 취급하고 있어, 입맛에 맞게 골라 먹을 수 있다. 구이 메뉴는 초벌로 익혀 나오는 만큼 다소 시간이 소요되는 점은 감안해야 한다. 당면과 깻잎이 무한으로 제공된다. 가족 외식 장소로도 추천할 만하다. 여수공항과 여천역 사이에 있어 접근성이 좋다.",,,전라남도 여수시 하세동길 10-1,,연중무휴,없음 (가게 앞 공영주차장 이용),,,,,,,,,,,,,,,,,,,,,,,,,,,,,,,,,,,,,,,,,,,,,,,,,,,,,,,"11:00 ~ 20:30 (15:00~17:00 브레이크타임)
19:30 라스트오더",돼지막창구이,돼지곱창전골 / 소곱창전골 외,,,,,,,,,,,,,,,,,,,
5662,덕양은혜곱창 덕양점,"덕양은혜곱창은 1965년 해남식당을 시작으로 3대째 이어 내려오는 전통 곱창전골 맛집으로 덕양시장 곱창 거리에 자리하고 있다. 30년 이상 명맥을 유지하면서도 오래도록 고객의 꾸준한 사랑을 받아온 곳을 선정해 중소벤처기업부에서 인증해 주는 백 년 가게 마크를 받은 집이다. 돼지 생 막창구이, 모둠 전골, 돼지 곱창전골, 소 곱창전골, 새끼보 전골 등의 메뉴를 판매한다. 전골은 미리 익혀 내온 재료에 버섯, 채소, 당면을 넣어 끓이는데, 잡내 없이 시원하고 깔끔한 맛이다. 전골 메뉴는 고객 취향에 맞춰 담백한 맛과 얼큰한 맛으로 선택하여 주문할 수 있다.",,,전라남도 여수시 하세동길 7-1,,"매달 1, 3번째 수요일",가능,,,,,,,,,,,,,,,,,,,,,,,,,,,,,,,,,,,,,,,,,,,,,,,,,,,,,,,11:00~19:30,돼지생막창구이,모둠전골 / 소곱창전골 / 돼지곱창전골 / 새끼보전골 / 소고기국밥 외,,,,,,,,,,,,,,,,,,,
5663,메란명가,"메란은 멜론과 토란의 각각 앞 글자, 뒷글자를 따서 지어낸 상호다. 곡성 읍내 공식 지정 음식점으로 메란명가는 숯불소깨비, 흑돼지깨비 석쇠구이부터 토란대 구이, 와사비 물김치, 멜론 장아찌까지 풍성한 한 상이 나온다. 특히 이 집의 대표메뉴인 깨비정식은 도깨비방망이로 뚝딱 만들어 낸 것처럼 푸짐하다는 의미로 곡성군의 특산품인 흑돼지, 토란, 멜론, 와사비를 활용한 개성 넘치는 맛이 일품이다. 고기를 먹은 뒤에는 오색빛깔 다양한 채소, 고소한 참기름과 양념장을 버무려 비빔밥을 먹을 수 있다. 감칠맛 나는 토란 된장국도 식욕을 돋운다. 각각의 테이블 위에 환풍기가 있어 환기가 잘 되며, 안쪽에는 별도로 단체석도 마련되어 있다. 반찬은 셀프바를 이용할 수 있고 주차는 건물 앞 전용 주차장에 하면 된다.",,,전라남도 곡성군 곡성로 822,,연중무휴,가능(무료),,,,,,,,,,,,,,,,,,,,,,,,,,,,,,,,,,,,,,,,,,,,,,,,,,,,,,,매일 11:00~20:30 (15:00~16:30 브레이크타임),깨비정식,"한우채끝등심, 소한마리, 숯불소한마리, 황제소갈비세트, 인삼포크생삼겹살, 수제갈비탕 등",,,,,,,,,,,,,,,,,,,
5664,궁중타래옥빙수 웅천점,"평범한 동네 카페 같은 느낌이지만 카페 외부에 화분들이 많이 놓여 있어, 꽃집을 연상케 하는 빙수 전문점이다. 실내는 전체적으로 우드톤으로 되어 있어 편안한 느낌을 주며, 테이블도 꽤 많이 마련되어 있다. 국산 팥을 매장에서 직접 삶아 만드는 빙수 전문점이지만, 떡볶이, 샌드위치, 어묵꼬치 등 다양한 메뉴도 준비되어 있다. 옥으로 만든 그릇에 수북이 쌓아 올려져 나오는 빙수가 이 집의 시그니처 메뉴로, 맛과 양 모두 만족할 만한 서비스에 많은 사람이 즐겨 찾는다. 주차장은 따로 마련되어 있지 않고, 가게 앞 길가에 주차해야 한다. 이순신공원, 웅천친수공원 등이 주변에 있어 연계 관광하기 수월하다.",,,전라남도 여수시 웅남1길 32,,연중무휴,불가,,,,,,,,,,,,,,,,,,,,,,,,,,,,,,,,,,,,,,,,,,,,,,,,,,,,,,,10:30 ~ 22:00,옥빙수,망고빙수 / 옹기인절미빙수 / 쌀치즈떡 떡볶이 / 밀가루떡볶이 / 햄치즈샌드위치 등,,,,,,,,,,,,,,,,,,,
5665,그림 브런치,"소담하고 따뜻한 분위기의 그림 브런치는 다양한 그림책들이 많아 어린이와 함께 가도 좋고 마음 저편에 자리 잡은 동심을 찾아보기도 좋은 카페다. 미술관 또는 공방 느낌이 물씬 나며 카페 곳곳에 식물들이 있어 작은 식물원 느낌이 난다. 주차는 가게 앞이나 가까운 공영주차장을 이용하면 된다. 아기자기한 소품들로 가득한 따뜻한 느낌의 브런치 카페로 좌석이 다양하고 곳곳에 빨간 머리 앤 일러스트가 있어 소녀 감성이 가득한 곳이다. 바닐라 아이스크림에 죠리퐁과 우유를 곁들인 퐁치노와 푸짐한 양의 닭가슴살, 아보카도, 계란, 사과, 캔 옥수수 등이 가득 들어간 콥샐러드가 인기 메뉴다.",,,전라남도 여수시 죽림2길 23-8 1층,,매주 일요일,가능,,,,,,,,,,,,,,,,,,,,,,,,,,,,,,,,,,,,,,,,,,,,,,,,,,,,,,,10:00~20:00 (라스트오더 18:30),아메리카노,카푸치노 / 에스프레소 등,,,,,,,,,,,,,,,,,,,
5666,목포라면 홍어라면,"홍어를 색다르게 즐길 수 있는 식당이다. 대표 메뉴인 홍어라면은 단순히 라면에 홍어를 넣어 끓인 요리가 아니다. 식당에서 직접 개발한 양념으로 끓여 진한 국물 맛이 일품이다. 잘 삭힌 국내산 홍어가 나오는 홍어삼합, 홍어전, 홍어튀김 등도 인기다. 혼자서도 다양한 홍어요리를 즐길 수 있도록 혼밥세트 1인 오마카세 메뉴도 준비되어 있다.",,,전라남도 목포시 영산로40번길 16 (경동1가),,연중무휴,가능,,,,,,,,,,,,,,,,,,,,,,,,,,,,,,,,,,,,,,,,,,,,,,,,,,,,,,,10:30~21:30,홍어라면,새우라면 / 오징어라면 / 홍어회 등,,,,,,,,,,,,,,,,,,,
5667,남도아리랑,"홍어에 처음 도전해 보고 싶은 이들에게 추천하는 식당으로 약하게 삭힌 홍어를 취급한다. 홍어삼합을 비롯해 다양한 해산물을 한 상에 올려주는 ‘목포9합’이 대표메뉴이며, 목포9합은 홍어삼합에 육회, 낙지탕탕이, 전복, 키조개, 가리비,계절무침등을 한자리에서 맛볼수 있어 남녀노소 누구나 남도별미를 맛볼수있다. 홍어로 한 상 차림을 만들어주는 ‘홍어일품상’도 인기다. 홍어애로 끓인 홍어애국도 별미다.",,https://www.instagram.com/namdo_arirang,전라남도 목포시 영산로40번길 21 (중동1가),,매주 수요일,가능,,,,,,,,,,,,,,,,,,,,,,,,,,,,,,,,,,,,,,,,,,,,,,,,,,,,,,,"- 10:30~21:00
- 준비시간 15:00~17:00
- 마지막 주문 20:00",목포9합,홍어정식 / 홍어일품상 / 전복해물솥밥 등,,,,,,,,,,,,,,,,,,,
5668,동산정,매일 새벽 경매장에서 들여온 싱싱한 낙지로 만든 낙지요리를 비교적 저렴한 가격에 맛볼 수 있다. 13가지의 재료를 넣고 3시간 이상 푹 끓인 육수에 산낙지를 넣어 만든 연포탕이 추천 메뉴다.,,,전라남도 무안군 무안읍 성남1길 173,,연중무휴,가능,,,,,,,,,,,,,,,,,,,,,,,,,,,,,,,,,,,,,,,,,,,,,,,,,,,,,,,09:00~21:00,연포탕,낙지초무침 / 낙지볶음 / 낙지호롱구이 등,,,,,,,,,,,,,,,,,,,
5669,숙이네,40여 년의 전통을 자랑하는 낙지 전문 식당이다. 직접 만든 막걸리 식초로 맛을 낸 낙지 초무침을 가장 많이 찾는다. 맛있는 뚝배기 연포탕과 호롱구이도 즐길 수 있다.,,https://www.instagram.com/sook__octopus,전라남도 무안군 무안읍 성남1길 172,,,가능,,,,,,,,,,,,,,,,,,,,,,,,,,,,,,,,,,,,,,,,,,,,,,,,,,,,,,,,낙지 초무침,바지락 초무침 / 석화 물회 / 뚝배기 연포탕 등,,,,,,,,,,,,,,,,,,,
5670,바다속으로조개구이,"바다속으로 조개구이는 전남 여수시에 위치한 실내 포차 감성의 식당으로 가게 내부 테이블은 10개 정도 된다.
전형적인 한국 식당의 분위기로 정감 가는 풍경이다. 가리비, 조개 요리 전문점이라 구이, 찜, 탕이 주메뉴다. 구이를 시키면 철판 위에 돌들이 올려져 나와 바닷가에서 먹는 분위기가 난다. 추가 반찬은 부족하면 셀프 코너를 이용하면 된다. 모둠조개구이에는 가리비, 개조개(대합), 새우, 소라 전복이 푸짐하게 나온다.",,,전라남도 여수시 여문문화길 40-1,,매주 일요일,가능,,,,,,,,,,,,,,,,,,,,,,,,,,,,,,,,,,,,,,,,,,,,,,,,,,,,,,,16:00~23:40,모둠조개구이,모둠찜 / 가리비구이 / 조개탕 / 해물라면 / 굴찜 등,,,,,,,,,,,,,,,,,,,
5671,희망선어,"활어로 먹기 어려운 생선을 피와 내장을 제거하고 저온 숙성시켜 먹는 선어 회는 부드러운 식감과 깊은 감칠맛으로 유명하다. 선어 회를 잘하는 집으로 지역에서 소문난 ‘희망선어’ 는 삼치, 병어, 민어를 주로 판매하고 있다. 회를 시키면 전복, 게장, 다양한 나물, 문어 등 곁 반찬들이 나오는데 보기에도 푸짐하고 맛도 좋다. 먹음직스러운 선홍빛의 선어 회는 김에 묵은지와 회를 올린 뒤 막장과 생마늘, 초밥 밥을 올려 같이 먹으면 더 맛있다. 친절하게 먹는 방법을 설명해 주는 주인장의 마음 씀씀이가 돋보이는 식당이다. 진남관, 이순신광장 사이에 있어 함께 둘러보기 좋다.
※ 반려동물 동반 불가",,,전라남도 여수시 동문로 10-10,,매주 화요일,가능,,,,,,,,,,,,,,,,,,,,,,,,,,,,,,,,,,,,,,,,,,,,,,,,,,,,,,,"12:00~22:00
브레이크타임 15:00~17:00
라스트오더 21:00",선어회,"생선조림, 매운탕, 낚지볶음",,,,,,,,,,,,,,,,,,,
5672,진선,"광양의 한 시골 마을에서 재첩회 하나만으로 수많은 단골을 만들어 낸 식당이다. 이곳에서는 오이, 파프리카, 애호박, 양배추 등 신선한 채소와 배, 데친 재첩을 잔뜩 넣고 섞어서 재첩회를 만든다. 초장과 참기름이 들어간 양념을 비벼서 먹거나 밥 위에 올려서 회덮밥처럼 맛보는 것도 좋다.",,,전라남도 광양시 진월면 선소중앙길 43,,연중무휴,불가능,,,,,,,,,,,,,,,,,,,,,,,,,,,,,,,,,,,,,,,,,,,,,,,,,,,,,,,11:30~19:30,재첩회,재첩국 / 정식 등,,,,,,,64석,,,,,,,,,,,,
5673,남원식당,"깨장어탕 맛집으로 소문난 남원식당은 단출한 메뉴로 2인부터 주문할 수 있다. 작고 소박한 규모로 하루에 4시간만 운영하는 현지인 맛집이다. TV 프로그램 허영만 백반 기행에 소개된 바 있다. 주차장이 없으며, 재료가 다 소진되면 조기 마감하므로 가기 전에 전화해보고 방문할 것을 추천한다. 깨장어탕을 시키면 여수 갓김치, 무 김치, 배추김치가 한 줄씩 가지런히 접시에 담겨 나오고 오징어무침, 양파절임, 단호박 등 맛깔스러운 밑반찬이 함께 나온다. 주변에 좌수영 다리 등이 있어 연계 관광하기 수월하다.",,,전라남도 여수시 관문2길 5,,연중무휴,불가능,,,,,,,,,,,,,,,,,,,,,,,,,,,,,,,,,,,,,,,,,,,,,,,,,,,,,,,매일 10:00~14:00,깨장어탕,갈치조림정식 등,,,,,,,,,,,,,,,,,,,
5674,솔레일,"솔레인은 수제 케이크와 과자 전문점이다. 주택가 한편에 있으며 가게 대부분이 통창으로 되어있다. 주차장은 별도로 없기 때문에 인근 골목에 해야 한다. 내부는 전체적으로 하얗고 깔끔한 인테리어로 의자마다 폭신한 방석이 깔려 있다. 매장에는 둘이 앉을 수 있는 테이블이 4개 정도 있다. 베이킹 스튜디오라는 공간이 있으며, 매일 수제 롤케이크를 만들어 더 신선한 맛을 선사한다. 스콘, 에그타르트, 휘낭시에 외에 대표 메뉴인 롤케이크로는 녹차, 단호박, 초콜릿, 밀크티 외에도 생크림 케이크도 있다. 특별한 날 케이크 주문도 할 수 있다.",,https://www.instagram.com/soleil._.soleil,전라남도 여수시 웅남3길 21,,매주 월요일,불가,,,,,,,,,,,,,,,,,,,,,,,,,,,,,,,,,,,,,,,,,,,,,,,,,,,,,,,12:00 ~ 21:00,수제 롤케이크,생크림케이크 / 구움과자 / 아메리카노 / 카페라떼 / 바닐라빈라떼 등,,,,,,,,,,,,,,,,,,,
5675,수미네게장밥상,"수미네게장밥상은 입식 좌석으로 단체 손님이 와도 충분히 수용할 수 있는 규모다. 식당 내부에는 입식 좌석뿐만 아니라 ㄷ자로 약 10명이 앉을 수 있는 작은 별도의 공간도 있어 회식 장소로도 제격이다. 여수시청 근처라 직장인, 동네 주민들이 즐겨 찾는 수미네게장밥상은 점심시간에는 바다에서 난 붕장어탕으로 끓인 장어탕이 많이 나가고 게장백반도 국내산이라 인기 메뉴다. 게장은 1회 추가 리필된다. 주차는 건너편 공용주차장을 이용하면 되고 2시간 무료이다. 화요일에서 토요일까지는 저녁 9시까지 영업하지만, 일요일은 오후 3시까지만 영업한다.",,,전라남도 여수시 문수로 66 1층,,매주 화요일,기능 (건너편 공영주차장 2시간 무료 이용),,,,,,,,,,,,,,,,,,,,,,,,,,,,,,,,,,,,,,,,,,,,,,,,,,,,,,,10:30~21:00 (15:00~17:00 브레이크타임),게장백반정식,갈치조림정식 / 장어소금구이 / 장어양념구이 등,,,,,,,,,,,,,,,,,,,
5676,연이네식당,"아침 6시부터 손님들을 맞이하는 연이네식당은 주인이 직접 담근 장으로 조리한다. 동네 주민, 버스 기사, 낚시꾼뿐만 아니라 관광객들도 많이 찾는 식당이다. 여수에서 인정한 모범업소, 안심식당이고 입식으로 된 기사 식당 분위기로, 약 80여 명 정도 수용할 수 있다. 대표 메뉴는 장어구이, 서대회, 생선구이, 게장백반이며 모든 메뉴는 2인 이상 주문해야 한다. 양념/간장 게장, 갓김치, 낙지 젓갈, 갓 물김치, 갈치속젓도 포장 판매 및 택배 주문을 받고 있다. 펜션도 같이 운영하며, 주차장은 없지만, 식당 앞 도로에 주차할 수 있다.",,,전라남도 여수시 강남로 68,,연중무휴,가능,,,,,,,,,,,,,,,,,,,,,,,,,,,,,,,,,,,,,,,,,,,,,,,,,,,,,,,06:00~21:00,장어구이,장어탕 / 생선구이 / 게장백반 / 삼겹살 / 닭발 등,,,,,,,,,,,,,,,,,,,
5677,달밑밤,"뷰가 좋은 약간 경사진 곳에 있는 브런치 전문점이다. 주차장은 없지만, 카페 앞 갓길에 해도 되고 가까운 거리에 공용 주차장이 있다. 1층, 2층 그리고 루프탑까지 총 3층으로 이루어져 있고 층마다 분위기가 조금씩 다르다. 1층은 빈티지 느낌의 가구들이 있고 단체 손님들이 앉아서 수다 떨기 좋게 공간 분리가 되어 있다. 루프탑은 안전 문제로 14세 미만 노키즈존이다. 여수 대부분의 핫플레이스가 바다뷰지만, 달밑밤은 시내가 한눈에 보이는 시티뷰 카페이다. 브런치와 펍으로 운영되고 있어서 브런치를 먹기에도 좋고 저녁에 맥주 한잔하기에도 좋다. 우드 감성의 외관과 달리 실내는 화이트 칼라로 심플하다. 루프탑에는 글램핑 텐트 감성의 방갈로 테이블이 있다.",,https://www.instagram.com/dmbcoffee_official,전라남도 여수시 봉강서1길 47,,매주 수요일,가능,,,,,,,,,,,,,,,,,,,,,,,,,,,,,,,,,,,,,,,,,,,,,,,,,,,,,,,"주중 11:00 ~ 21:00 (브레이크타임 15:30 ~ 17:00 / 라스트오더 20:20)
주말 11:00 ~ 21:00 (브레이크타임 없음 / 라스트오더 20:20)",리코타달떡볶이,갈릭치즈피자 / 수제불고기버거 / 페퍼로니피자 / 불고기피자 / 불고기 오븐 스파게티 등,,,,,,,,,,,,,,,,,,,
5678,선창횟집,"선창횟집은 목포시 만호로에 위치한 준치와 병어만 전문으로 하는 횟집이다. 준치 철인 5월에 대량으로 잡아 냉동하여 사용하고 있다.
신선한 국내산 재료들과 시골에서 직접 키운 채소들로 맛있고 깔끔한 맛을 내려고 최선을 다한다. 준치회무침과 밥이 담긴 큰 대접이 나오면 준치회무침을 넣어 비벼먹으면 맛이 일품이다.",,,전라남도 목포시 만호로 6-1,,매주 일요일,가능 (무료),,,,,,,,,,,,,,,,,,,,,,,,,,,,,,,,,,,,,,,,,,,,,,,,,,,,,,,"11:00 ~ 20:00
브레이크타임 15:00~17:00
라스트오더 14:30/19:30",준치회무침,병어사시미 / 병어찜 / 깡다리조림 등,,,,,,,,,,,,,,,,,,,
5679,해관1897,"목포미식문화갤러리 해관1897은 목포시 항동에 위치하고 있으며, 구 목포세관 건물을 활용한 식당 겸 카페 겸 복합문화공간이다.
미식문화갤러리는 큰창고, 작은창고, 야외 공간 등으로 구성되어있으며 목포의 9미(味)를 체험해 볼 수 있다.",,,전라남도 목포시 해안로177번길 10,,매주 월요일,,,,,,,,,,,,,,,,,,,,,,,,,,,,,,,,,,,,,,,,,,,,,,,,,,,,,,,,"큰창고 09:00 ~ 22:00
작은창고 09:00 ~18:00
(변동가능으로 방문 전 전화문의 요망)",목포9미정찬,"목포9미정찬(민어간국, 애갈치볶음, 묵은지, 낙지초무침, 간장꽃게장, 아귀전 등)",,,,,,,,,,,,,,,,,,,
5680,봄177,"봄177은 바다가 보이는 여수해양공원 앞 브런치집이다. 주차는 카페 맞은편 해양공원 도로변에 하면 된다. 전체적으로 내부는 하얀 벽돌에 검은색 포인트 벽으로 이국적 느낌이 물씬 난다. 하얀 벽돌의 파티션 벽이 ㄷ자 형태로 되어 있으며, 프라이빗한 공간을 즐길 수 있는 테이블 좌석이 별도로 마련되어 있다. 아이 전용 의자도 구비되어 있어 엄마들도 마음 편하게 방문할 수 있다. 테이블은 약 7개 정도로 아담한 카페이며 깔끔한 인테리어에 곳곳에 초록 초록 화분들도 많다. 모든 커피 메뉴는 에스프레소 2 샷이 들어가며 브런치 메뉴를 시키면 아메리카노가 같이 제공된다. 브런치에 사용되는 모든 빵은 12시간 저온 숙성시킨 반죽으로 매일 아침 매장에서 직접 굽는다.",,https://www.instagram.com/bom__177,전라남도 여수시 이순신광장로 177-1,,매주 화요일,"불가 (단, 가게 앞 해양공원 도로변에 하면 됨)",,,,,,,,,,,,,,,,,,,,,,,,,,,,,,,,,,,,,,,,,,,,,,,,,,,,,,,10:00 ~ 21:00,아보카도콥샐러드,허니까망베르치즈파니니 / 한우불고기머쉬룸파니니 / 토마토마짜렐라치즈 파니니 / 딸기샐러드 / 자몽오렌지샐러드 등,,,,,,,,,,,,,,,,,,,
5681,어라운드 무슈,"여수 해안가 도로에 있는 카페 어라운드 무슈는 바다뷰와 잘 꾸며진 정원을 동시에 즐길 수 있는 디저트 카페로 사진 찍기 좋은 곳이다. 단독 2층 건물의 카페이고 내부는 전체적으로 따뜻한 느낌으로 목재와 화이트 톤을 사용했다. 우드 톤의 가구들이 배치되어 있으며, 2층은 캠핑장 느낌이 나는 테라스가 있다. 시그니처는 흑임자크림라테와 초당옥수수라테이며, 이 외에 다양한 음료 메뉴와 직접 만든 디저트를 맛볼 수 있다.",,https://instagram.com/around_mouche,전라남도 여수시 관기길 350,,연중무휴,가능,,,,,,,,,,,,,,,,,,,,,,,,,,,,,,,,,,,,,,,,,,,,,,,,,,,,,,,11:00~18:00 (라스트오더 17:00),흑임자크림라테,초당옥수수라테 / 생딸기라테 / 아메리카노 / 유자애플티 / 오늘의 디저트 외,,,,,,,,,,,,,,,,,,,
5682,어느멋진날,"카페 입구에서부터 각 계단에 앉아 바다를 바라볼 수 있도록 의자가 마련되어 있어 캠핑 느낌이 나는 외부 좌석도 있고, 내부는 전체적으로 화이트와 우드 인테리어라 깔끔하고 아늑한 느낌이다. 무료 공영주차장이 있어 주차 걱정 없이 방문할 수 있다. 1호점, 2호점이 있는데 1호점인 본점은 주말과 공휴일에만 문을 열고 2호점은 연중무휴로 운영된다. 특히 루프탑은 햇살이 뜨거운 여름날엔 대형 파라솔이 쳐져 탁 트인 바다를 바라보며 커피 한 잔을 할 수 있다. 생망고, 딸기, 방울토마토, 포도, 청포도를 올려주는 크로플에는 상하목장 아이스크림이 올라가 인기 메뉴다. 2층 실내에서도 통창으로 바라보는 오션뷰를 즐길 수 있다. 유월드 루지 테마파크, 여수갯벌노을마을 등이 주변에 있어 연계 관광하기 수월하다.",,,전라남도 여수시 섬달천길 114-1,,연중무휴,있음,,,,,,,,,,,,,,,,,,,,,,,,,,,,,,,,,,,,,,,,,,,,,,,,,,,,,,,11:00~19:00,크러플,"밀크빙수, 과일빙수 등",,,,,,,,,,,,,,,,,,,
5683,토브카페,"전남 장흥에 위치한 토브카페는 깨끗하고 세련된 인테리어가 인상적인 디저트 카페이다.
다양한 커피와 에이드, 티 등의 음료 메뉴와 모두 수제로 만드는 오란다, 쿠키, 케이크 등의 디저트 메뉴를 만나볼 수 있다.
내부에서 꽃집도 함께 운영하고 있으며, 다양한 종류의 보드게임을 대여할 수 있다.",,,전라남도 장흥군 장흥읍 중앙로 54,,매주 일요일,불가능,,,,,,,,,,,,,,,,,,,,,,,,,,,,,,,,,,,,,,,,,,,,,,,,,,,,,,,10:00~22:00,아메리카노,딸기라떼 / 코코넛커피스무디 / 키위주스 / 오란다 / 쿠키 등,,,,,,,,,,,,,,,,,,,
5685,꽃띄움,꽃띄움은 도초 여객선터미널 2층에 위치한 카페이다. 이곳에선 커피뿐만 아니라 다양한 꽃차까지 맛볼 수 있다. 사장님이 직접 블렌딩한 꽃차와 함께 바다를 보며 힐링할 수 있는 공간이다. 수제피자는 예약을 해야하는 메뉴로 방문 예정에 있다면 참고하고 가는 것이 좋다.,,,전라남도 신안군 도초면 불섬길 85-22 2층,,"연중무휴
※ 자세한 안내는 방문 전 전화 문의 요망",,,,,,,,,,,,,,,,,,,,,,,,,,,,,,,,,,,,,,,,,,,,,,,,,,,,,,,,"09:00~21:00
※ 자세한 안내는 방문 전 전화 문의 요망",수국차,커피 / 레몬에이드 / 자몽에이드 / 수제피자 등,,,,,,,,,,,,,,,,,,,
5686,골목집,"봉산동 게장 거리 초입에 있는 골목집은 도로변에서 바로 보여 찾기 쉽다. 주택을 개조한 식당으로 신발을 벗고 들어가는 좌식형 테이블이다. 안쪽에는 테이블과 의자가 있는 룸도 별도로 조성되어 있어 예약하면 룸으로 안내받을 수 있다. 갈치 조림, 생선구이 주문 시 간장 및 양념게장이 서비스로 나온다. 반찬 모두 제철 식재료를 사용하며, 모든 재료를 국내산으로 사용한다. 골목에 위치한 곳인 만큼 주차장은 따로 없기 때문에 골목길에 주차해야 한다. 1인분도 주문할 수 있는 게장 맛집으로 혼자 가도 부담 없이 즐길 수 있다.",,,전라남도 여수시 어항로 23-1,,연중무휴,불가,,,,,,,,,,,,,,,,,,,,,,,,,,,,,,,,,,,,,,,,,,,,,,,,,,,,,,,10:00~21:00 (라스트오더 19:30),게장백반정식,생선구이 정식 / 갈치조림정식 등,,,,,,,,,,,,,,,,,,,
5687,김경오파티쓰리 여수점,"흰 외벽에 도넛, 머핀, 수박 식빵, 커피 등 보기만 해도 직접 맛보고 싶은 일러스트들이 반기는 김경오파티쓰리는 전남 여수시 여수구항 인근에 위치한 카페이다. 전 층 모두 여수 바다와 돌산대교를 한눈에 담을 수 있는 오션 뷰 베이커리이다. 1층, 2층 그리고 루프탑으로 이루어져 있다. 루프탑은 안전 문제로 어린이 제한 구역으로 운영되지만, 인조 잔디 위에 놓인 나무 벤치와 탁자가 감성을 더한다. 탁 트인 바다를 바라보며 낭만과 여유를 느낄 수 있다.",,,전라남도 여수시 남산로 60-26,,연중무휴,"가능
요금 (무료)",,,,,,,,,,,,,,,,,,,,,,,,,,,,,,,,,,,,,,,,,,,,,,,,,,,,,,,10:00~21:00 (라스트오더 20:30),수박식빵,귀욤딸기 / 따순고구마 / 복숭궁뎅이 / 대파바게트 / 아메리카노 등,,,,,,,,,,,,,,,,,,,
5688,대교식당돌게장,"현지인들이 사랑하는 여수 5대 돌게장 맛집이다. 게장뿐 아니라 갈치조림, 조기매운탕까지 맛이 좋아 식사나 반주를 하기에도 좋다. 전용 주차장이 없어 주차는 도로 건너편 리오 모텔 주차장을 사용하면 된다. 입식 테이블로 약 100여 명이 동시에 식사할 수 있지만 혼자 여행을 하거나 출장을 왔을 때 1인분 게장정식이 있어 부담 없이 즐길 수 있다. 갈치조림 정식을 주문하면 게장류가 무한리필된다. 게장 정식 1인분을 주문해도 기본 상차림에 반찬 10가지가 세팅돼 다양한 여수 특산품을 푸짐하게 즐길 수 있다. 여수 먹거리 판매 지정 업소라 여수 특산품인 갓김치, 간장게장, 양념게장을 별도로 구매할 수 있고, 전국 택배도 가능하다.",,,전라남도 여수시 봉산2로 28,,연중무휴,가능 (도로 건너편 리오모텔 주차장 이용),,,,,,,,,,,,,,,,,,,,,,,,,,,,,,,,,,,,,,,,,,,,,,,,,,,,,,,09:00 ~ 20:00,갈치조림 + 게장,게장정식 / 조기매운탕 / 황태해장국 / 제육백반 / 김치찌개 등,,,,,,,,,,,,,,,,,,,
5689,더계동,"더계동은 여수시 돌산읍 계동 해안길에 있는 베이커리 카페다. 통유리창을 통해 바다를 바라볼 수 있고, 반대편으로는 잘 조성된 정원을 보며 커피를 즐길 수 있다. 한적한 곳에서 편한 휴식을 위해 방문하는 고객들이 즐겨 찾는 곳으로 커피와 다양한 음료, 베이커리를 맛볼 수 있다. 2층 테라스를 통해 루프탑으로 나갈 수 있어, 날씨가 좋은 날엔 야외에서 차 한 잔의 여유를 즐길 수 있고 1층 뒤편엔 넓은 마당이 있어 아이들과 함께 방문해도 좋다. 주차 공간이 넉넉하고 주변에 여수 예술랜드, 돌산공원 등이 있어 주변에 있어 연계 관광하기 수월하다.",,,전라남도 여수시 계동해안길 74,,매주 목요일,가능,,,출입구까지 경사로가 설치되어 있음,,,,,주출입구는 턱이 없어 휠체어 접근 가능함(자동문),,,,,,,,,,,의자식 테이블 있음_무장애 편의시설,,,,,,,,,,,,,,,,점자블록 있음(주출입구)_시각장애인 편의시설,,,,,,,,,,,,,,,,,,,,10:30~18:00 (라스트오더 17:30),코젤다크라떼,아메리카노 / 카페라떼 / 생레몬 에이드 / 쑥 라떼 등,,,,,,,,,,,,,,,,,,,
5691,둘레길산장,"둘레길 산장은 여수시 봉산동에 있는 닭 요리 전문 맛집이다. 대표 메뉴는 숯불닭구이, 해물백숙, 한방백숙, 옻 백숙 등으로 매일 아침 건강한 토종닭을 잡아 요리한다. 지역 주민들뿐 아니라 여행객이나 타 지역에서도 보양식을 맛보기 위해 소문을 듣고 방문한다. 닭 요리 주문 시 요청하면 닭 육회도 맛볼 수 있다. 식당 내부와 테라스에 총 100여명을 동시 수용할 수 있지만 저녁이나 주말에는 방문객들이 많기 때문에 예약은 필수이다. 국동항 수변공원, 봉산공원 등이 주변에 있어 연계 관광하기 수월하다.",,http://둘레길산장.co.kr,전라남도 여수시 한산사길 89,,연중무휴,가능,,,,,,,,,,,,,,,,,,,,,,,,,,,,,,,,,,,,,,,,,,,,,,,,,,,,,,,11:00 ~ 22:00 (라스트오더 20:00),해물백숙,한방백숙 / 숯불닭구이 / 엄나무백숙 / 황칠백숙 / 옻백숙 등,,,,,,,,,,,,,,,,,,,
5692,약수닭집,"약수닭집은 여수시 국동에 있는 닭고기 숯불구이 맛집이다. 구봉초등학교 인근 산자락에 있던 식당이 지금의 자리로 옮겨 더욱 성황리에 영업 중인 곳이다. 식당 옆에 전용 주차장도 마련되어 있고 테라스 석이 있어 야경을 감상하며 식사를 하려면 예약이 필수다. 대표 메뉴인 닭구이는 토종닭에 밑간을 한 상태로 손님상에 차려진다. 전라남도 여수 밥상답게 반찬 하나하나에 손맛이 가득하며, 메뉴도 정갈하다. 숯불구이 외에 백숙, 옻닭, 닭죽이 있다. 국동항, 국동항 수변공원 등이 주변에 있어 연계 관광하기 수월하다.",,,전라남도 여수시 구봉2길 5,,매주 화요일,가능,,,,,,,,,,,,,,,,,,,,,,,,,,,,,,,,,,,,,,,,,,,,,,,,,,,,,,,11:00 ~ 21:20,닭볶음탕,백숙 / 숯불구이 / 닭죽 / 산사촌 / 옻닭,,,,,,,,,,,,,,,,,,,
5693,용진하우스,"용진하우스는 여수시 국동에 있는 여수의 숨은 맛집으로, 현지인들이 추천하는 장어구이 전문점이다. 국동 장어골목에 위치해 있으며, 매장 앞 수족관에 살아 있는 싱싱한 장어들이 있어 믿고 먹을 수 있다. 전용 주차장은 없지만 건물 뒤에 공영 주차장이 있어 주차 걱정이 없지만 테이블이 많지 않아 때론 대기가 필수이기도 하다. 양념 장어구이, 소금 장어구이 외에 장어탕, 조개탕, 바지락탕도 맛있다. 국동항, 국동항 수변공원 등이 주변에 있어 식사 전후로 들러보기 좋다.",,,전라남도 여수시 어항단지로 21,,연중무휴 (명절 휴무),불가능 (뒤편 공영주차장 이용),,,,,,,,,,,,,,,,,,,,,,,,,,,,,,,,,,,,,,,,,,,,,,,,,,,,,,,전화 문의,양념장어구이,소금장어구이 / 장어탕 / 조개탕 등,,,,,,,,,,,,,,,,,,,
5694,원조굴구이,"안굴전 어촌마을에 있는 굴구이 전문점으로 TV 프로그램에도 소개된 맛집이다. 창 너머로 안굴전 바다를 보며 굴 요리를 즐길 수 있는 곳으로 건물 앞에 전용 주차장도 있다. 대표 메뉴는 굴 구이로 산지에서 직접 공수한 굴을 무한리필로 즐길 수 있어 굴 요리를 좋아하는 사람들에게는 성지와도 같은 곳이다. 10월 중순에서 3월까지가 시즌으로 굴 구이 외에도 굴찜, 굴파전, 생굴, 굴라면, 굴떡국, 굴죽 등이 있다. 입식 테이블에 앉아 굴의 맛과 향을 즐길 수 있으며 2층에는 원조굴구이 펜션도 운영하고 있어, 여행객들이 즐겨 찾는다. 여수예술랜드, 돌산공원 등이 주변에 있어 연계 관광하기 수월하다.",,,전라남도 여수시 안굴전길 61-1 1층,,연중무휴,가능,,,,,,,,,,,,,,,,,,,,,,,,,,,,,,,,,,,,,,,,,,,,,,,,,,,,,,,10:00~21:00,굴구이,굴파전 / 생굴 / 굴라면 / 굴떡국 / 굴죽 등,,,,,,,,,,,,,,,,,,,
5695,잠수기장어탕식당,"잠수기 장어탕 식당은 노포의 포스가 느껴지는 여수의 맛집이다. 생생정보통, 생방송투데이, VJ특공대 등에 여러 TV 프로그램에 소개된 맛집으로 대표 메뉴는 통장어탕과 장어구이이다. 여수 현지 주민들뿐 아니라, 여수를 찾는 관광객들이 즐겨 찾는 코스 중 하나로 조개탕, 장어탕, 매운탕 등도 판매하고 있다. 식당 뒤편에 전용 주차장이 있어 주차 걱정 없이 방문할 수 있다. 가까운 곳에 국동항이 있어 식사 전후 둘러보기 좋다.",,https://blog.naver.com/yeosufd,전라남도 여수시 어항단지로 21,,연중무휴,가능,,,,,,,,,,,,,,,,,,,,,,,,,,,,,,,,,,,,,,,,,,,,,,,,,,,,,,,06:00~22:00,통장어탕,장어구이 / 산장어탕 / 우거지장어탕 / 조개탕 / 매운탕 등,,,,,,,,,,,,,,,,,,,
5696,정현횟집,"정현횟집은 여수시 돌산읍 평사리에 있는 노포 감성이 물씬 풍기는 생선회 식당이다. 실내는 입식 테이블이 있는 홀과 좌식 테이블이 있는 룸으로 되어 있고 여수 앞바다가 바로 보이는 오션뷰 횟집으로 지역 주민들뿐만 아니라 여수를 방문하는 여행객들 사이에서도 유명하다. 로컬 맛집답게 택시 기사들도 적극 추천하는 식당이다. 바닷가에 있는 횟집인 만큼 메인 메뉴뿐 아니라, 반찬 하나하나가 모두 신선하다. 가게 뒤편에는 넓은 전용 주차장이 있어 주차 걱정 없이 방문할 수 있다. 여수 예술랜드, 한우드림 동물체험장 등이 주변에 있어 연계 관광도 즐길 수 있다.",,,전라남도 여수시 계동해안길 39-7,,연중무휴,가능,,,,,,,,,,,,,,,,,,,,,,,,,,,,,,,,,,,,,,,,,,,,,,,,,,,,,,,09:00 ~ 21:00,사시미,매운탕 / 전복 / 낙지 / 해삼 등,,,,,,,,,,,,,,,,,,,
5697,진미회관,"진미회관은 세월의 흔적이 묻어 있는 노포 감성의 여수 식당으로 갈치구이 맛집이다. 입구에 들어서면 왼편에 오픈 주방이 있고, 홀에는 테이블만 몇 개 놓여 있는 소규모 식당이다. 하지만 갈치 요리만큼은 소문이 자자한 곳으로 대표 메뉴는 갈치구이와 진하게 우려낸 국물에 칼칼한 양념으로 맛을 낸 갈치 조림이다. 그 밖에 토종닭백숙, 쏨뱅이 매운탕도 맛볼 수 있다. 남도 맛집답게 정갈하게 차려진 반찬은 푸짐하고 다양해서 시골 밥상이나 집밥 감성을 느낄 수 있다. 여수 예술랜드, 돌산공원 등이 주변에 있어 연계 관광하기 수월하다.",,,전라남도 여수시 돌산로 3112,,없음 (명절 휴무),있음,,,,,,,,,,,,,,,,,,,,,,,,,,,,,,,,,,,,,,,,,,,,,,,,,,,,,,,"매일 10:00 ~ 19:30 (브레이크타임 15:00 ~ 17:00)
※ 매일 영업시간 변동 가능성 있으므로 방문 전 전화 문의 요망",갈치구이,"토종닭백숙, 갈치조림, 쏨뱅이매운탕 등",,,,,,,,,,,,,,,,,,,
5698,돌산백반,"돌산백반은 여수시 돌산읍 우두리에 있는 한식당이다. 6개 정도의 테이블만 있는 규모가 작은 식당이지만 여수 맛집답게 문전성시를 이루는 백반집이다. 별도의 주차장이 없어 주차는 갓길에 하면 된다. 대표 메뉴는 돌산백반과 갈치조림, 돌게정식이고 그 외에도 생선구이, 매운탕, 코다리정식, 제육볶음백반, 삼겹살 등이 있다. 특히 돌산백반은 매일 다른 9가지 반찬이 푸짐하게 나온다. 생선구이는 2인분부터 주문이 가능하고 생선구이를 시키면 간장 돌게장과 양념 돌게장이 함께 나와 가성비가 좋다. 06시 30분에 영업을 시작해 아침 식사하기에도 좋고 갓김치와 게장은 별도 구매도 가능하다. 여수 예술랜드, 돌산공원 등이 주변에 있어 연계 관광하기 수월하다.",,http://instagram.com/dolsan_mom_table,전라남도 여수시 강남8길 13 1층,,매주 일요일,없음,,,,,,,,,,,,,,,,,,,,,,,,,,,,,,,,,,,,,,,,,,,,,,,,,,,,,,,"06:30~20:00 (브레이크타임 15:00~17:00 / 라스트오더 19:00)
※ 병원, 시장, 은행 갈 경우 잠시 자리 비울 때 있음",갈치조림 정식,생선구이 / 돌게정식 / 꽃게탕 / 제육백반/ 백반 / 갈치조림 등,,,,,,,,,,,,,,,,,,,
5699,미락식당,"완도의 현지인 추천 맛집인 미락식당은 넓은 식당 내부와 깔끔한 현대식 인테리어가 돋보인다.
식당 한편에 보이는 오픈 주방은 30여 년을 넘게 지켜온 맛의 신뢰감을 상징하는 듯하다. 대표메뉴는 아귀찜으로 부드러운 식감과 쫄깃한 맛이 일품이다. 매콤하고 칼칼하게 들어오는 아귀찜의 맛을 음미하고 나면 볶음밥은 필수다. 이 외에 복찜, 복지리, 복매운탕, 아귀탕, 오리탕도 맛볼 수 있다.",,,전라남도 완도군 군내11번길 15,,매주 일요일 (전화 문의),"가능
요금 (무료)",,,,,,,,,,,,,,,,,,,,,,,,,,,,,,,,,,,,,,,,,,,,,,,,,,,,,,,11:00~21:00,아귀찜,복찜 / 복지리 / 복매운탕 / 아귀탕 / 오리탕,,,,,,,,,,,,,,,,,,,
5700,신지횟집,"전복 코스요리 전문점인 신지횟집은 완도 전복거리에 있다. 넓은 실내로 북적이는 느낌 없이 여유로운 식사를 즐길 수 있다. 메뉴는 전복 코스요리와 돔, 농어, 우럭, 광어 등의 회가 있다. 주문과 동시에 낙지호롱이, 조기구이, 해삼, 멍게 등 싱싱한 바다의 맛을 가득 품은 풍성한 밑반찬이 차려지는데 바다의 맛을 그대로 느낄 수 있다. 신지횟집의 메인메뉴인 전복 코스요리는 참기름 장에 찍어 먹으면 씹히는 맛이 일품인 전복회, 전복을 통째로 구워내는 전복구이, 큼직하게 썬 전복과 채소를 볶아 나오는 전복유산슬, 직접 만든 양념으로 맛을 낸 전복물회, 마지막으로 고소하고 부드러운 맛의 전복죽을 먹고 나면 깔끔하게 마무리된다. 국내 최초의 노래하는 등대인 완도 씨월드 방파제도 가까운 곳에 있어서 식후에 산책하기 좋다.
※ 반려동물 동반 불가",,,전라남도 완도군 해변공원로 117,,비정기적 휴일 (전화 문의 필수),없음,,,,,,,,,,,,,,,,,,,,,,,,,,,,,,,,,,,,,,,,,,,,,,,,,,,,,,,11:00~21:00 (라스트 오더 20:00),전복코스요리,"전복코스요리, 돔회, 농어회, 우럭회, 광어회",,,,,,,,,,,,,,,,,,,
5701,카페더비치,"카페 더 비치는 완도 여행의 중심지인 해조류 박람회장 근처, 완도 해변공원 쪽 중앙에 있다. 야자수와 파라솔이 있는 푸른 바다 해변, 모래사장에 있는듯한 인테리어가 인상적이다. 화이트 톤의 벽과 널따란 실내는 바다가 보이는 창과 어우러져 해변에서 차 한잔하는 것 같은 감성을 느끼게 해준다. 낮에도 아름답지만, 완도타워와 신지대교의 조명이 보이는 야경도 아름답다. 알로하 에이드, 선샤인 에이드 등 음료와 바삭한 토스트 위에 전복을 올려 구운 전복 토스트가 추천 메뉴이다. 반려동물과 함께 할 수도 있고, 3층의 전망도 즐길 수 있는 카페 더 비치는 저녁에는 펍으로 운영된다. 주차는 해변공원 주차장을 이용하면 된다.
※ 반려동물 동반 가능",,https://www.instagram.com/cafe_thebeach/,전라남도 완도군 해변공원로 59 3층,,연중무휴,불가능,,,,,,,,,,,,,,,,,,,,,,,,,,,,,,,,,,,,,,,,,,,,,,,,,,,,,,,10:00~22:00,"알로하에이드, 전복토스트","아메리카노, 알로하에이드, 전복토스트, 베이글, 돌체라떼, 션샤인에이드",,,,,,,,,,,,,,,,,,,
5703,나루터,"압록유원지에서 구례 방향 2km 거리에 있는 참게 수제비 맛집으로 2TV 생생정보통에 소개된 바 있다. 한적한 도로변에 있어 찾기 쉬우며 넓은 주차장을 갖추고 있다. 현지 주민들뿐만 아니라 곡성 여행객들에게도 맛집으로 소문난 만큼 늘 손님들로 문전성시를 이룬다. 참게 요리는 생참게를 통째로 쪄서 체에 걸러내 만들기 때문에 참게 본연의 향과 맛을 느낄 수 있다. 참게 외에도 쏘가리, 메기, 은어, 다슬기 등의 다양한 요리도 맛볼 수 있다. 압록유원지, 곡성군 하늘나리 마을 등이 주변에 있어 연계 관광이 수월하다.",,,전라남도 곡성군 하한길 3,,연중무휴,가능,,,주 출입구 경사로 가파름,,,,,,,,,,,,,,,,의자식 테이블,,,,,,,,,,,,,,,,,,,,,,아기의자 2개,,,,,,,,,,,,,,11:00 ~ 20:00,"참게수제비, 은어튀김","참게탕, 쏘가리탕, 메기탕, 은어조림, 다슬기탕 등",,,,,,,,,,,,,,,,,,,
5704,미연복집 본점,"1990년부터 이어온 오랜 복요리 명가로 주차장부터 넓어 편리하게 이용할 수 있다. 가게 내부는 테이블들이 입식으로 정갈하게 구비되어 있고 버너가 테이블에 빌트인 되어 있어 탕 종류를 시키면 끝까지 따뜻하게 즐길 수 있다. 전반적으로 고즈넉하고 깔끔한 인테리어로 편안하게 식사를 즐길 수 있다. 룸도 마련되어 있어, 프라이빗 한 식사도 즐길 수 있다. 복탕을 주문하면 첫 번째로 새콤달콤한 복 샐러드가 나오는데 쫄깃쫄깃한 복어껍질이 입맛을 돋운다. 연포탕 비슷한 국물에 콩나물, 미나리, 쑥갓, 무 등의 야채가 국물을 더욱 시원하게 한다. 가곡리 5층 석탑, 로뎀 자연수련원 등이 주변에 있어 연계 관광하기 수월하다.",,,전라남도 곡성군 오산로 968,,"연중무휴 (단, 명절연휴 휴무 가능, 유선 확인 필요)",있음,,,,,,,,,,,,,,,,,,,,,,,,,,,,,,,,,,,,,,,,,,,,,,,,,,,,,,,10:30~21:00,"복탕, 복지리, 복찜","아구찜, 복튀김 등",,,,,,,,,,,,,,,,,,,
5705,송다원,"옥과 IC에서 5분 거리에 있는 송다원은 닭, 오리 능이백숙 삼계탕 전문점이다. 전통 정자가 맞이하는 이곳은 한옥 지붕 양식으로 지은 2층 건물로 넓은 주차장에 높게 자란 소나무들이 멋진 전경을 더한다. 실내와 외부에 각각 넓은 입식 테이블을 비롯하여 2층에는 연회장과 객실이 있어 단체 방문 및 MT까지도 가능하다. 능이 삼계탕은 오가피, 엄나무, 황기, 작약, 두충, 당귀, 숙지황 등 한약재가 20가지 들어가 있다. 곡성생태체험관, 무창체험마을 등이 주변에 있어 연계 관광하기 수월하다.",,,전라남도 곡성군 가곡길 129-1,,연중무휴,있음,,,,,,,,,,,,,,,,,,,,,,,,,,,,,,,,,,,,,,,,,,,,,,,,,,,,,,,11:30~21:00 (라스트 오더 20:00),"능이버섯삼계탕, 오리능이백숙","능이버섯만두, 능이죽",,,,,,,,,,,,,,,,,,,
5706,청솔가든,"곡성 보성강이 내려다보이는 강가에 있는 한식당 청솔가든은 허영만의 만화 식객 '은어 요리' 편에 등장한 곳이다. 섬진강과 보성강에서 잡은 은어와 참게로 만든 은어회, 은어구이, 은어 튀김, 참게탕 등이 인기 메뉴다. 은어 요리는 날씨가 풀리는 4월경부터 맛볼 수 있다. 2층의 저택 같은 외관 안으로 들어가면 비밀스럽고 천장이 낮은 통로가 나온다. 이 비밀통로를 지나면 보성강이 한눈에 펼쳐진다. 탁 트인 시야에 야외 테이블이 90%이고 식당 내부에서도 자리가 많아 원하는 자리에 앉을 수 있다. 참게탕은 참게살을 일일이 발라 수제비를 끓이기 때문에 준비 시간이 필요해 예약이 필수다.",,,전라남도 곡성군 대황강로 1560,,연중무휴,있음,,,,,,,,,,,,,,,,,,,,,,,,,,,,,,,,,,,,,,,,,,,,,,,,,,,,,,,11:30~19:00 (15:00~16:30 브레이크타임),"은어튀김, 참게탕","메기탕, 참게수제비 등",,,,,,,,,,,,,,,,,,,
5707,푸른산장,백운산 4대 계곡 중 가장 큰 규모를 자랑하는 옥룡계곡 옆에 있는 식당이다. 닭 숯불고기와 흑염소 떡갈비가 이 집의 대표 메뉴다. 닭 숯불고기는 직화로 굽는 방식으로 숯의 은은한 향이 밴 닭고기의 감칠맛을 느낄 수 있다. 산장 주변에 계곡이 있어 여름에는 밖에서 시원한 계곡을 바라보며 식사를 즐길 수 있다. 족구장 및 노래방 시설을 갖추고 있으며 계곡에 단체 모임을 할 수 있는 단체석이 마련되어 있다. 주변에 억불봉 코스의 등산로와 백운사를 경유하는 유명한 등산로가 있어 등반객들이 즐겨 찾는다.,,http://poornsan.kr/,전라남도 광양시 신재로 1317,,비정기 휴무,있음,,,,,,,,,,,,,,,,,,,,,,,,,,,,,,,,,,,,,,,,,,,,,,,,,,,,,,,10:00 ~ 20:00,"닭숯불고기, 흑염소떡갈비","닭백숙, 흑염소수육, 닭볶음탕, 아침백반 등",,,,,,,,,,,,,,,,,,,
5708,구례역대합실,"구례구역에서 걸어서 5분 거리에 있는 카페로 식당과 펍을 함께 운영하고 있다. KTX 이용객들이 잠시 들러 식사나 차를 즐기기 좋다. 빨간 벽돌 건물의 외관이 이국적이며 실내 공간이 널찍하고, 창가 자리에서는 강변을 바라볼 수도 있다. 다양한 요리와 음료 그리고 빵이 마련되어 있어, 남녀노소 누구나 편하게 방문할 수 있다. 특히 어린아이를 데리고 방문하기에도 불편함 없다. 사진 맛집으로 알려진 만큼 SNS에도 많이 소개되었고, 방문객 중에서도 열심히 사진을 찍는 손님들을 심심찮게 볼 수 있다. 곡성섬진강천문대, 섬진강 대나무 숲길 등이 주변에 있어 연계 관광하기 수월하다.
※ 반려동물 동반 가능 (단, 개목줄 착용, 배설물 처리를 위한 비닐봉지 등을 구비한 이용객에 한하여 허용)",,https://www.instagram.com/gurye_station,전라남도 구례군 섬진강로 23,,연중무휴,가능,,,출입구까지 턱이 없어 휠체어 접근 가능함,,,,,주출입구는 턱이 없어 휠체어 접근 가능함(수동문),,,,,,,,,,,의자식 테이블 있음_무장애 편의시설,,,,,,,,,,,,,,,,,,,,,,,,,,,,,,,,,,,,11:00~20:00 (주중 브레이크타임 14:30~17:30 / 라스트오더 19:30),안심돈까스,다슬기오일파스타 / 버섯크림리조또 / 국물떡볶이 등,,,,,,,,,,,,,,,,,,,
5709,백련산방,"구례읍 5일 시장 내에 있는 한식당이다. 예약제로 운영되며 손님이 많아 재료 소진 시 영업시간보다 일찍 문을 닫을 수 있으니, 방문 전 전화 예약이 필수다. 주차장이 넓어 방문하기 편리하다. TV 프로그램 생방송오늘저녁에 소개된 바 있다. 과거에는 사찰음식 전문점이었던 곳인 만큼 건강한 밥상을 선보인다. 이 집의 대표 메뉴인 백련산방 정식을 주문하면, 10여 가지 반찬과 석쇠불고기, 생선구이, 재첩국 세 가지 메인 메뉴가 한 상 가득 차려진다. 곡성섬진강천문대, 섬진강 대나무 숲길 등이 주변에 있어 연계 관광하기 수월하다.",,,전라남도 구례군 5일시장작은길 20 5일시장,,"매달 4, 9일 (4, 9, 14, 19, 24, 29)",있음,,,,,,,,,,,,,,,,,,,,,,,,,,,,,,,,,,,,,,,,,,,,,,,,,,,,,,,10:00~22:00,백련산방정식,"생선구이, 추어탕, 석쇠불고기 등",,,,,,,,,,,,,,,,,,,
5710,금정농협 한우프라자,"금정농협에서 직영으로 운영하는 한우 전문점이다. 건물 전체가 한우 판매장과 식당으로 단체 모임을 하기 좋고 주차장이 넓어 차량을 갖고 방문하기에도 편리하다. 4~8인 룸을 갖추고 있으며 홀도 상당히 넓어 가족 모임이나 회식 장소로도 널리 활용되고 있다. 피크 타임에는 웨이팅이 있을 수도 있다. 구이 요리뿐만 아니라 식사, 후식 메뉴도 마련되어 있다. 뱅뱅이골기찬랜드, 6.25 희생자위령탑 등이 주변에 있어 연계 관광하기 수월하다.",,,전라남도 영암군 영나로 915,,연중무휴,있음,,,,,,,,,,,,,,,,,,,,,,,,,,,,,,,,,,,,,,,,,,,,,,,,,,,,,,,09:00 ~ 21:00,한우생고기,"한우육회, 한우갈비탕, 버섯불고기 등",,,,,,,,,,,,,,,,,,,
5711,장흥한우삼합구이,"장흥은 한우, 키조개, 표고버섯을 같이 먹는 장흥 한우삼합 구이가 유명한 곳이다. 정남진 장흥 토요시장에 위치한 장흥 한우삼합 구이는 신선한 한우를 현지에서 맛볼 수 있는 곳이다. 1층에 있는 한우직판장에서 구입한 고기를 2층 식당으로 올라가서 먹는다. 상차림비를 내면 기본적인 반찬과 장류, 마늘, 불판 등이 차려지고, 키조개와 표고버섯을 주문해 한우와 같이 먹으면 장흥삼합이 완성된다. 한우를 구워 먹는 것 외에도 매생이 떡국, 물냉면, 육회비빔밥, 누룽지 등의 식사도 주문이 가능하다. 장흥에서 생산되는 친환경 농산물과 청정해역 득량만에서 나오는 수산물을 파는 정남진 장흥 토요시장도 방문할 수 있어, 일석이조이다.
※ 반려동물 동반 불가",,,전라남도 장흥군 토요시장2길 9-2,,연중무휴,있음(정남진토요시장 주차장) / 주차요금 없음,,,,,,,,,,,,,,,,,,,,,,,,,,,,,,,,,,,,,,,,,,,,,,,,,,,,,,,10:00~21:00 (라스트오더 20:00),"상차림, 키조개, 표고버섯","상차림, 키조개, 표고버섯, 매생이떡국, 물냉면",,,,,,,,,,,,,,,,,,,
