,place,info,문의 및 안내,홈페이지,주소,이용시간,휴일,주차,화장실,입장료,접근로,review,주차 요금,이용요금,체험,출입통로,장애인 주차 안내,엘리베이터,수유실,판매 품목,이용가능시설,주차요금,지정현황,체험가능 연령,유모차,휠체어,지체장애 기타 상세,입점브랜드,규모,대중 교통,주요시설,할인 정보,수용인원,오디오 가이드,시각장애 기타상세,관람석,점자 홍보물,보조견 동반,보유장비,안내 요원,시설이용료,부대시설,점자 블록,이용 시기,강습안내,청각 장애 기타상세,코스안내,영유아가족 기타상세,유아용보조의자,개장기간,대여안내,유도안내 설비,예약안내 홈페이지,객실,자막 비디오 가이드,수화 안내,매표소,입실시간,퇴실시간,객실내 취사 여부,식음료장,객실수,영업시간,대표메뉴,취급메뉴,큰활자 홍보물,홍보물,예약안내,객실유형,바비큐장여부,세미나실 여부,좌석수,사우나실 여부,캠프파이어 여부,스포츠 시설 여부,자전거 대여 여부,공용 PC실 여부,휘트니스 센터 여부,노래방 여부,청각장애용 객실,뷰티시설여부,공용 샤워실 여부,청각장애 기타상세,보조견동반
711,팔공산온천관광호텔(온천),"팔공산 온천은 팔공산의 정기가 숨쉬는 비로봉 남동쪽 계곡부에서 발견된 물 맑은 온천으로 팔공산 화강암을 기반으로 지하 687m에서 용출되는 섭씨 28.9도의 염화나트륨 성분이 우세한 양질의 약알칼리성(ph 8.0) 온천수를 제공, 편리하게 이용할 수 있다.
시설로는 온탕, 냉탕, 물사시지를 위한 jet bench와 대욕장, 노천탕 등이 있으며 온천시설 뿐 아니라 팔공산호텔이 있어 각종모임이나 세미나장소, 여러종 류의 잔치 등으로 활용 가능한 장소이다. 팔공산에 위치하여 공원 내의 여러 관광지와 동화사, 팔공산케이블카, 올레길 등산길, 자전거길 등 다양한 방법으로 접근 가능하다.",,http://www.palgongspa.co.kr/,대구광역시 동구 팔공산로185길 11 (용수동),06:30~20:00,명절 당일,가능,있음,"- 성인 10,000원 (단체 25명 이상 9,000원)
- 소인(초등학생) 7,500원
- 유아(13개월~유치원) 7,000 원",,"팔공산온천은 자연 속에서 온천을 즐길 수 있는 힐링 장소예요. 물이 맑고 따뜻해 몸이 가뿐해지고, 주변 풍경이 아름다워 더욱 편안한 시간을 보낼 수 있었습니다. 가족 여행지로도 추천하고 싶어요. 바데풀은 아이랑 부모랑 꼭 같이 이용하세요~~ 깊어요",,,,주출입구경사로 있음,장애인전용주차구역 있음_무장애 편의시설,장애인용엘리베이터 있음,,,토굴기치료실 / 노천온천 / 산소방 / 대욕장 / 연회장,,,,,,,,,,,,,,,,,,,,,,,,,,,,,,,,,장애인용 객실 있음,,,,,,,,,,,,,,,,,,,,,,,,,,,,,,
3276,세종호텔 세종갤러리,"세종갤러리는 1961년 한국 미술계의 거장 김흥수 화백의 초대전을 시작으로, 그동안 폭넓고 깊이 있는 미술감상의 기회를 제공해 왔다. 1992년에는 세종호텔 1층 로비에 재개관하여 진취적이고 역량 있는 작가 분들을 모시며 다양한 전시를 기획, 주관하고 있다. 뿐만 아니라 확장된 개념의 전시로써 전시장 이외의 호텔 공공장소 및 각 레스토랑을 갤러리화 하여 좋은 반응을 얻고 있다. 그 결과 컬렉터의 충족은 물론, 미술 애호가 및 일본, 유럽, 미국 등의 외국인 호텔 투숙객들에게도 미술을 마음껏 감상할 수 있는 문화공간으로 확고히 자리매김하게 되었다.
아울러 2003년 세종갤러리는 새로운 고품격 미술문화의 장을 열어나가고자 외부에서도 작품 감상할 수 있는 쇼윈도갤러리를 건립하였으며, 2012년 하반기에 대대적인 갤러리 리뉴얼 공사를 통해 새로운 호텔형 복합문화공간으로 탈바꿈하였다. 2013년에는 지하의 공간을 갤러리로 리모델링하여 제2갤러리를 오픈하였다. 현재 세종갤러리는 지상 1층, 지하 1층, 쇼윈도갤러리로 이루어져 기존의 평면적인 갤러리와는 확연히 다른 공간의 차이를 느낄 수 있으며, 각 공간에 걸맞은 다채로운 전시를 선보이고 있다.",,http://www.sejonggallery.co.kr/,서울특별시 중구 퇴계로 145 (충무로2가),11:00~20:00,연중무휴,가능,장애인 화장실 있음(로비),,출입구까지 턱이 없어 휠체어 접근 가능함,,"30분당 2,000원",무료,,주출입구는 턱이 없어 휠체어 접근 가능함(자동문/수동문),장애인 주차장 있음_무장애 편의시설,엘리베이터 있음,,,,,,,대여가능,대여가능,,,,,,,,,,,,동반가능,,,,,점자유도로 있음_시각장애인 편의시설,,,,,,,,,,,,,,,,,,,,,,,,,,,,,,,,,,,,,,,,,
3967,대불호텔전시관,"인천광역시 중구에 위치한 대불호텔전시관은 우리나라 최초의 서양식 호텔인 대불호텔의 역사를 소개하는 전시관이다. 대불호텔은 개항 후 인천항으로 들어오는 외국인들이 서울로 가기 전 묵었던 서양식 호텔로 당시 인기가 높았으나 경인선 개통과 러일 전쟁 후 서양인의 방문이 뜸해지자 점차 경영난으로 쇠락하여 문을 닫았다. 이후 중국인이 건물을 인수해 ‘중화루’라는 중국요리집으로 운영되다 철거된 후 2018년 전시관으로 다시 문을 열었다. 제 1관인 대불호텔전시관에서는 우리나라 최초의 호텔인 대불호텔의 외관 및 과거 번창했던 대불호텔의 모습부터 쇠락의 과정까지 역사적 배경을 소개하고 있으며 대불호텔 터에서 발견된 유구와 일제강점기 개항장 일대에 있었던 호텔 및 여관에 대한 자료를 바탕으로 전시를 운영하고 있다. 제 2관인 중구생활사전시관은 인천 중구의 시작을(1968년) 기준으로 1960~70년대 인천 중구의 변천과 생활사를 다양한 콘텐츠로 관람할 수 있다.

(출처 : 인천중구문화재단 홈페이지)",,https://ijcf.or.kr,인천광역시 중구 신포로23번길 101,09:00~18:00 (입장마감 17:30),"매주 월요일 (단, 월요일이 공휴일일 경우 다음날 휴무) / 1월 1일 / 설·추석 당일",불가능,,,, 3번째 서양식호텔로 2층구조의 일본식 목조건물으로 건축되었으나 1887년 서양식 벽돌건물의 모습으로 신축해 지금의 모습을 유지하고 있는곳입니다. 바닥이 유리로 되어있어 옛대불호텔의 터를 확인할 수 있었고요. 객실의 모습을 재현해놔서 그당시 대불호텔의 느낌을 그대로 느낄 수 잇엇어요 지나가면서 구경했습니다. 옛날 호텔이 오히려 요즘의 호텔보다 더 낭만있어 보이는 것 같습니다! 여전히 호텔로 운영된다면 하루 숙박할 의향이 있을만큼요ㅎㅎ,,"[개인]
- 일반 1,000원
- 청소년 700원
- 군인 500원
[단체]
- 일반 800원
- 청소년 500원
- 군인 400원
※ 무료 : 어린이
※ 자세한 사항은 홈페이지 참조",,,,,,,,,,,,,,,,,안내데스크 / 전시관 / 사무실 등,,,,,,,,,,,,,,,,,,,,,,,,,,,,,,,,,,,,,,,,,,,,,,,,,,,,,
4230,호텔 에버리치,"강화도 남산에 있는 호텔 에버리치는 넓은 부지에 70개의 객실과 실내외 bbq 전용 별채를 운영 중이다. 호텔 앞에는 휴식할 수 있는 데크가 있으며 라벤더가 자라는 산책길은 뷰 맛집으로 사진이 잘 나오는 포토존으로 알려져 있다. 라벤더는 라틴어로 Lavare(씻는다)라는 뜻이 있으며, 마음을 안정시키고 스트레스를 없애는 효능이 있어 산책하는 내내 편안함을 느낄 수 있다. 내부에는 200인 수용가능한 대형 연회장과 두 개의 소연회장, 레스토랑과 바베큐장, 컨벤션 홀이 갖춰져 있고 외부에는 야외웨딩정원과 야외풀장이 있다.
호텔 에버리치는 한국을 대표하는 현대 미술가들의 협력을 통해 건립되었고, 강화도의 거점 호텔로도 알려져 있으며 강화나들길 제14코스가 이어지기 때문에 산책하기에도 좋다.",,www.hoteleverrich.com,인천광역시 강화군 강화읍 화성길50번길 43,,,,,,,,,,,,,,,,,,,,,,,,,,,,,,,,,,,,,비즈니스센터,,,,,,,,,,,,,,,,15:00,익일 11:00,불가,,70실,,,,,,홈페이지 예약 / 전화 예약 / 온라인 여행사,,있음,있음,,,,,,,,,,,,,
5521,호텔케니여수,"전남 여수에 위치한 호텔케니여수는 엑스포역에서 차량 5분, 이순신 광장에서 도보 5분 거리에 있어 접근성이 좋은 숙소다. 합리적인 가격으로 가성비가 좋고 객실에서 시티/오션 전망을 감상할 수 있다. 18층 알프키친에서 조식을 먹을 수 있고, 19층 루프탑에서는 여수 시내 풍경 및 밤바다 야경을 즐길 수 있다. 이곳은 특히 해마다 개최되는 불꽃축제 명당으로 인기가 좋다. 인근에 케이블카, 해양공원 등 주요 관광지가 있다.",,http://www.hotelkennyyeosu.co.kr/,전라남도 여수시 충무로 54-2 (충무동),,,가능,장애인 화장실 있음(로비),,출입구까지 턱이 없어 휠체어 접근 가능,호텔 케니 2층 로비 에서 휴식 하기 참 좋아요 ^~ 3월에 숙박하는데 깔끔하고 주변관광하기 편하다하니 기대되네요,,,,주 출입구까지 턱이 없어 휠체어 접근 가능,장애인 주차장 있음,엘리베이터 있음,,,,,,,,,,,"건물 지하 2층, 지상 2~19층",,,,335,,,,,,,,,"루프탑, 편의점, 쉐어라운지[세탁실(코인세탁기, 코인건조기), 도서라운지], 굿즈 진열대","점자안내(엘리베이터 내부), 점자블록 있음(장애인 객실 앞, 엘리베이터 앞)",,,,,,,,,,https://be4.wingsbooking.com/HKYS,"장애인 객실 있음(2개), 저상침대 있음",,,,15:00,11:00,불가,있음,178,,,,,,"가능(061-924-5000, https://be4.wingsbooking.com/HKYS",양실,,있음,,,,,,,,,,,,,
5522,호텔청담,"호텔청담은 전남 목포종합버스터미널에 인근에 위치해 접근성이 좋은 숙소다. 객실은 침대룸, 온돌룸, 특실, VIP 단체 가족파티룸 등 다양한 형태로 나뉘고, 전 객실에 킹사이즈 침대, 55인치 스마트 TV, 넷플릭스 등을 갖춘 것이 매력 포인트다. 온돌룸은 매트리스 2개와 소파가 놓여 있고, 특실 B룸에는 침대와 컴퓨터가 2개씩 놓여 있다. VIP 단체 가족파티룸은 넓은 거실을 중심으로 2개의 침실과 1개의 온돌방, 2개의 화장실로 구성되어 있다.",,http://01054745266.tshome.co.kr/,전라남도 목포시 비파로124번길 6 (상동),,,가능,,,"경사로 있음, 출입구까지 턱이 없어 휠체어 접근 가능, 휠체어 이용로 있음, 출입구까지 경사로 설치",,,,,"주 출입구 접근로 있음, 출입구까지 턱이 없어 휠체어 접근 가능",,엘리베이터 있음,,,,,,,,,장애인 객실 내 장애인용 화재 감시 장치,,"건물 지하 1층, 지상 8층",,,,90,,장애인 객실 내 장애인용 화재 감시 장치,,,,,,,"비즈니스센터 : PC, 복사, 팩스, 프린트, 스캔 무료 이용 가능, 주차: 옥내·외 지상주차장, 기계식 주차타워 운영, 객실 당 1대 무료, 1대 초과 시 추가 15,000원 현장 결제, 타워 입고 불가차량(준대형~대형 SUV, 대형세단, 대형RV, 밴, 트럭, 스포츠카), 타워 입고 불가차량과 호텔 내 주차장 만차 시 근처 계약된 주차장 안내(15,000원 추가 비용 발생)","점자안내(엘리베이터 내부), 점자블록 있음(각 층 엘리베이터 앞)",,,장애인 객실 내 장애인용 화재 감시 장치,,,,,,,http://01054745266.tshome.co.kr/,장애인 객실 있음(온돌방),,,,16:00,12:00,부분가능,있음,40,,,,,,가능(061-285-6969),"한실, 양실",,,,,,,,있음,,,,,,,
5525,코너레지던스호텔,"전남 완도군에 위치한 코너네지던스호텔은 완도공용버스터미널이 도보 8분, 완도항이 차로 5분 거리에 있어 교통이 편리하다. 객실은 스탠더드, 디럭스, 스위트, 로열 및 단층과 복층 등 다양한 타입으로 구성된다. 객실마다 인덕션과 전자레인지가 있어 간단한 요리가 가능하고, 세탁기와 공기청정기 등을 갖춰 편의성을 높였다. 호텔 1층 코너 179 카페&디저트가 자리한다.",,https://www.koner179.com/,전라남도 완도군 개포로 179,,,가능,,,,,,,,,,엘리베이터 있음,,,,,,,,,,,건물 지상 3층,,,,40,,,,,보조견동반 가능함,,,,,"점자안내(엘리베이터 내부), 점자블록 있음(엘리베이터 앞)",,,,,,,,,,https://www.koner179.com/reservation,,,,,16:00,11:00,가능,있음,11,,,,,,"가능(061-555-0179, 홈페이지)",양실,,,,,,,,,,,,,,,
5537,여수노블호텔,"노블호텔은 돌산대교를 지나 여수 가막만 바다가 끝없이 펼쳐지는 돌산도의 아름다운 경도 앞바다와 어촌마을을 전경으로 해돋이, 해넘이와 여수 밤바다 야경 등 다채로운 자연 풍경을 감상할 수 있는 휴식 공간이다. 오션뷰와 시티뷰, 온돌룸, 패밀리룸 등 방문객의 다양한 니즈에 맞춰 객실 타입을 선택할 수 있다. 기존 일반 고객을 위한 더블룸과 트윈룸, 디럭스룸 등 기본 객실은 기본이며 프라이빗 풀빌라룸은 취사가 가능하며 개인 수영장이 룸 안에 있어 물놀이와 휴식을 편안하게 즐길 수 있는 객실이다. 최대 인원 8명까지 수용이 가능해서 아이들이 있는 가족들이 모여 1박을 하며 숙박을 할 수 있다.
펫룸을 이용할 경우 6kg 이하의 반려견 최대 2마리까지 동반이 가능하나 맹견은 투숙이 불가하다. 식기, 배변판, 패드, 방석은 구비되어 있으며 반려동물용 사료는 별도로 준비해서 입실해야 하며 객실 내 반려견만 두고 외출은 절대 불가하다.
근처에는 여수 라마다호텔의 짚트랙과 여수해상케이블카가 있고 차량 이동 10분 거리에 핫플레이스인 여수낭만포차거리가 있어 다이내믹하고 낭만적인 여행을 즐기기 좋다.",,,전라남도 여수시 돌산읍 강남해안로 93,,,있음,,,,,,,,,,,,,,,,,,,,,,,,,,,,,,,,,,,,,,,,,,,,,,,,,,15:00,익일11:00,,,68객실,,,,,,온라인 예약 / 전화 예약,,,있음,,,,,,,,,,,,,
5567,브라운도트호텔 남악점,"2024년 6월 문을 연 브라운도트호텔 남악점은 도청 옆에 있으며, 더욱 쾌적하고 효율적인 비즈니스와 호캉스 숙박을 위해 다양한 시설을 갖추고 있다. 카페테리아를 운영하여 조식과 커피를 손님들께 제공하고 있고, 수영장과 바비큐 장비를 보유하고 있어 숙소 내에서 즐겁고 편안하게 휴식을 취할 수 있다. 매일 전 객실 방역과 소독이 이뤄지며 정기적으로 전문 업체의 관리를 받는 청결한 곳이다.",,,전라남도 무안군 삼향읍 오룡1길 12,,,가능,,,,"삼학도크루즈 입장권 할인쿠폰, 목포해상케이블카 입장권 할인쿠폰도 제공합니다. 24시간 운영하는 3층에 있는 스낵바에 라면, 구운계란, 시리얼 2가지, 음료수, 우유 등 다양한 먹거리가 있어 좋았습니다.",,,,,,,,,,,,,,,,,,,,,,,,,,,,,,"바비큐장, 비즈니스센터, 세탁실, 수영장, 테라스,비즈니스센터,락커룸,스낵바,디럭스카페",,,,,,,,,,,,,,,,17:00,12:00,일부 객실만 가능,있음,48실,,,,,,,드라이브인 디럭스 / 수퍼리어 더블 / 디럭스 더블 / 디럭스 트윈 / 패밀리 디럭스 파티 / 패밀리 스위트 파티 / 풀빌라 디럭스 / 풀빌라 스위트,,,,,,,,,,,,,,,
5615,호텔 더 스타,"영광에서 유일한 3성급 호텔로 도심 속에서 벗어나 휴식 및 여행을 즐기고 싶은 여행자들에게 최고의 경험을 선사한다. 고급스럽고 아늑한 인테리어가 돋보이는 호텔이며 전 객실 모두 최고급 침구만을 사용하기 때문에 최고의 편안함을 느낄 수 있다.
조식을 포함해 카페, 세미나실, 웨딩홀까지 갖춘 3성급 호텔로 여행객들의 니즈에 맞춰 각 장소를 제공받을 수 있다. 호텔 주변으로 편의점, 식당 등이 있어 편리하며 넓은 주차장으로 인해 주차 혼란을 겪지 않아도 되며, 전기차 충전기도 갖추고 있다.",,http://www.hotelthestar.com/m/,전라남도 영광군 영광읍 옥당로 74,,,가능,"장애인용 화장실 있음 (1층 프론트 왼쪽, 남녀 분리)",,휠체어가 올라갈 수 있는 경사로가 설치되어 있음,,,,,주출입구에 휠체어가 통과가능함(수동문 통과 후 버튼식 자동문),"장애인 전용 별도 주차칸 있음
일반 추자구역 있음",있음,,,,,,,,,,,지하 1층/ 지상 6층,,,,,,,,,,,안내데스크 있음(1층 로비),,웨딩홀,,,,,,,,,,,,"장애인객실 있음(1개,2층)
저상침대, 문턱 없고 욕실에 손잡이 설치되어 있음",,,,15:00,11:00,불가,마이야르 레스토랑 / 중식당 서안 / 카페 / 라운지 바,42실,,,,,,홈페이지 예약,스탠다드 더블룸 20실 / 디럭스 트윈 12실 / 프리미엄 디럭스 4실 / 코너스위트 4실 / 프리미엄스위트 2실,,있음,,,,,,있음,,,,,,,
5694,라마다프라자호텔 자은도,"22년 6월 오픈 신상 숙소이다. 호텔&리조트 도보 100m 앞 ‘백길해수욕장’ 위치해 있으며, 사계절 미온수풀 실내 워터파크가 준비되어 있다. 사우나, 워터파크, 갤러리카페, 키즈카페, 스카이라운지, 편의점, 오락실, 코인세탁실, 캐쥬얼레스토랑, 펍(PUB) 등 다채로운 부대시설을 즐길 수 있다. 연계 관광지로 UN 최우수 관광마을 ‘퍼플섬’, 마리나 요트관광, 아름다운 해송숲이 어우러진 수석미술관,수설정원, 조개박물관이 있는 ‘1004 뮤지엄’ 방문으 추천한다.",,https://www.class-one.co.kr,전라남도 신안군 자은면 자은서부1길 163-101,,,가능,"장애인용 화장실 있음(1층 프론트 오른쪽, 입구 들어와서 오른쪽, 남녀 분리)",,문턱 없이 평지로 연결되어 휠체어 통과 가능함,,,,,"주출입구에 휠체어가 통과 간으함(수동문, 자동문)","장애인 전용 별도 주차칸 있음(3칸, 호텔 입구 옆)",엘리베이터 있음(4대),수유실 있음_ 키즈카페(리조트 2층)내 수유실 이용 가능_ 씨원리조트 프론트 사전 문의,,,,,,"유모차 무료 대여(10대, 씨원리조트 프론트 사전문의)","휠체어 무료 대여(6대, 씨원리조트 프론트 사전문의)",,,,,,,,,,,,PET 객실만 가능,,안내데스크 있음(씨원 리조트 1층 로비),,키즈카페,"점자블록 있음(출입문 앞, 엘리베이터 앞)",,,,,,,,,,,,,,,15:00,11:00,,,170실,,,,,,,,있음,있음,,있음,,,,,있음,있음,장애인용 객실 있음(2개),,,,
5757,레이크45호텔,"레이크45호텔은 전라남도 나주시 빛가람동의 혁신도시 내 빛가람호수공원 옆에 있으며, 모던한 인테리어에 가성비가 좋은 호텔이다. 객실에는 스타일러가 있어서 외출 후 의류를 관리할 수 있어서 비즈니스 출장자들뿐만 아니라 여행객들의 만족도가 높다. 샌드위치와 음료 무료 조식을 제공하며, 저녁 6~8시에 빛가람동(혁신도시)내에 한해서 호텔 차량을 이용한 Sending Service를 제공한다.
호텔 주위로 넓은 공원과 호수가 한눈에 내려다보이는 곳으로 아침, 저녁으로 산책이나 운동하기에 좋은 환경을 가지고 있다. 또한, 호텔 주변으로 식당, 편의점 등 편의시설 들이 많다.",,https://www.naju.go.kr,전라남도 나주시 배멧3길 5-4 (빛가람동),,,가능(지하 주차장),,,,,,,,,,,,,,,,,,,,,,,,,,,,,,,,,,,,,,,,,,,,,,,,,,16:00,익익 12:00,불가,,,,,,,,,,,,,,,,,,,,,,,,
5772,호텔코어,"나주 혁신도시 빛가람 호수공원 인근의 호텔코어는 호수공원과 빛가람 전망대를 조망할 수 있는 2성급 프리미엄 비즈니스호텔이다. 8층의 건물에서 6층에서 8층까지의 공간만 호텔로 사용하고 있으며 로비는 6층에 있다.
객실의 크기도 넉넉하고 투숙객을 위한 편의시설이 잘 갖추어져 있는 가성비 있는 호텔로 주 고객층은 출장 여행객이다. 방마다 스타일러가 비치되어 있어 호텔에서 묵는 동안 깔끔한 옷 컨디션을 유지할 수 있어 여행객에게는 더할 나위 없이 편리하다.
호텔이 있는 건물의 1~5층에 식당가와 편의점이 있어 식사 등 간단한 요깃거리가 가능하고 호텔 건물 인근으로 주변 상권이 발달하여 있다.",,https://www.naju.go.kr/tour,전라남도 나주시 배멧3길 19-13 (빛가람동),,,가능(건물 지하 주차장),,,,,,,,,,,,,,,,,,,,,,,,,,,,,,,,,,비즈니스 센터,,,,,,,,,,,,,,,,16:00,익일 12:00,불가,,53실,,,,,,,,,,,,,,,,,,,,,,
5782,호텔라움,"KTX 순천역에서 차량으로 3분, 도보로 10분 거리에 있는 호텔라움은 바로 옆에 이마트, 홈플러스가 있어 편리하고 접근성이 좋다. 대리석 바닥과 웨인스코팅 몰딩 처리된 벽 디테일을 사용하여 고급스럽고 세련된 인테리어가 돋보이는 신축 호텔로 전실 실내 금연을 실시하고 있다. 전체적으로 조화로운 가구 배치와 적절한 골드 메탈 색감 사용으로 객실에 머무르는 동안 세련된 감성을 느끼며 편안한 침대에서 여행의 피로를 풀며 휴식을 취할 수 있다.
객실마다 스타일러가 있어 호텔에 머무르는 동안 뽀송뽀송한 옷 상태를 유지할 수 있다. 10,000원의 추가 요금을 내면 호텔 건물 1층에 있는 투썸플레이스에서 오전8시부터 10시까지 제공되는 조식을 할 수 있다. 순천시의 밤 야경을 조망할 수 있는 11층 루프탑은 파라솔과 테이블로 카페처럼 잘 꾸며져 있다. 루프탑은 오후 6부터 11시까지만 개방하며 이곳에서는 배달 음식을 먹을 수 있고 전자레인지도 비치되어 있다.
순천만국가정원이 차량 6분 거리에 있고 드라마 촬영장이 10분 거리에 있다.",,,전라남도 순천시 하풍동길 1-1 (풍덕동),,,있음,,,,,,,,,,,,,,,,,,,,,,,,,,,,,,,,,,,,,,,,,,,,,,,,,,16:00,익일 11:30,불가,,,,,,,,,,,,,,,,,,,,,,,,
5811,호텔지뜨,"순천의 대표적인 관광지인 순천만국가정원 인근의 호텔지뜨는 2018년 11월 개관한 비즈니스호텔 겸 패밀리호텔이다. 현대적인 건물과 모던한 객실의 인테리어 디자인이 품격이 있으며 테라스 객실의 경우 논뷰의 자연경관을 바라보며 즐길 수 있는 노천스파와 풀장이 준비되어 있으며 투숙객들이 선호하는 객실이기도 하다. 개인 테라스에서 즐기는 나만의 휴식은 지친 일상에서 활력이 되어줄 완벽한 힐링의 공간이기도 하다.
호텔지뜨에서는 객실의 통창을 통해 논뷰와 산의 경치를 조망할 수 있어 사계절 변화하는 자연의 색깔과 햇빛을 즐기며 휴식의 시간을 가질 수 있다. 1층 카페테리아에서는 오전 7시 30분부터 9시까지 무료로 조식을 이용할 수 있으며 주말은 9시 30분까지 이용 가능하다. 호텔 내 전 객실과 테라스는 금연 구역이다.
호텔 주변으로 편의점도 여러 개 있어 편의성도 좋다. 호텔지뜨에서 차량 이동 4분, 도보로 15분 거리에 순천만국가정원이 있으며 차량 이동 30분 이내에 여수낭만포차거리가 있다.",,https://www.hotelgite.com/ko,전라남도 순천시 팔마2길 11 (연향동),,,,,,,,,,,,,,,,,,,,,,,,,,,,,,,,,,,,,,,,,,,,,,,,,,,,,16:00,11:00,취사 불가,,,,,,,,온라인 예약,,,,,,,,,,,,,,,,
5820,호텔 가봄,"목포 평화광장 인근에 있는 호텔 가봄은 주변에 상권과 맛집, 편의시설들이 발달하여 있다. 일반객실, 비즈니스객실, 스위트객실, PC 게임방이 있은 객실, 안마 의자가 있는 Suite룸이 있고 Family Suite룸의 경우 최대 인원 6인이 묵을 수 있다.
객실마다 넷플릭스, 웨이브, 티빙, 왓챠, 유튜브를 무료로 시청이 가능해서 객실 안에서 편안하게 휴식을 취하며 다양한 콘텐츠 영상을 감상할 수 있다. 객실에는 스타일러가 있어 의류를 항상 쾌적하게 관리할 수 있으며 호텔 내에 셀프 워시코너가 있어서 장기 여행 시 빨래 걱정을 하지 않아도 된다.
로비에는 팝콘과 컵라면, 시리얼, 토스트, 삶은 계란, 음료수와 커피 등이 무료 제공되는 카페테리아가 24시간 운영되고 있으며 조식은 무료로 제공된다. 셀프 체크인 키오스크를 이용할 수 있으며 체크아웃 연장 시 시간당 1만 원을 추가하면 된다.
호텔 가봄은 2020, 2021년 대한민국 숙박 대상을 수상한 경력이 있다.",,,전라남도 목포시 번영로 16 (상동),,,있음,,,,부부 동반으로 목포에 여행와서 2박3일 이용한 숙소입니다. 대체로 만족합니다.,,,,,,,,,,,,,,,,,,,,,,,,,,,,,,매점 / 수영장,,,,,,,,,,,,,,,,16:00,12:00,취사 불가,,,,,,,,온라인예약,,,,,,,,,,,,,,,,
5867,해마루호텔,"해마루 호텔은 전라남도 광양시 항만 9로에 위치하고 있으며, 2020년 6월 신축 완공되었다. 포스코 광양 제철소에서 차로 5분 거리이고 여수공항, 여수 EXPO 역, 낭만포차 거리, 순천역, 순천만 국가 정원 등 주요 관광지를 차로 30분 내에 도착할 수 있는 최적의 숙박시설이다. 관광객은 물론이고 포스코 협력업체들의 출장 숙박지로 많이 쓰인다.
객실에서 광양제철소와 이순신대교가 보이고 밤바다의 야경과 아름다운 일출을 볼 수 있는 오션뷰는 적극 추천할 만하다. 객실 내부에 에어 드레서, 공기 청정기가 비치되어 있고 바다전망 카페테리아에서 무료 조식을 제공한다. 다용도 회의실이 있어 세미나, 교육, 화상회의가 가능하고 고객 세탁실에 세탁기와 건조기를 비치되어 있다. 또한 Biz 코너 운영으로 노트북 대여, 출력과 스캔이 가능하고, 가족 객실을 보유해 킹사이즈 트윈 침대와 바다전망 확장형 발코니를 제공하며, 취향에 맞춘 한실(온돌방)도 있다.",,http://haebeach.hiadman.kr/,전라남도 광양시 항만9로 113 (중동),,,주차가능,,,,,,,,,,,,,,,,,,,,,,,,,,,,,,,,,,,,,,,,,,,,,http://haebeach.hiadman.kr/,,,,,오후 15:00,오전 12:00,불가,,55개,,,,,,061-795-1111,,,,,,,,,,,,,,,,
5942,여수 유탑 마리나 호텔&리조트,"여수 엑스포 유탑 마리나 호텔 & 리조트는 대한민국 대표 관광도시 여수의 눈부신 바다와 마주하고 있다. 전 객실 테라스를 통해 아름다운 여수 바다의 낮과 밤을 누릴 수 있으며 어느 곳에서도 느낄 수 없었던 최상의 서비스와 품질로 여행의 의미를 더하였다.
해양 도시 여수 바다의 파도 물결과 요트에서 영감을 받아 설계된 여수 엑스포 유탑 마리나 호텔 & 리조트는 세련된 입면 디자인을 자랑한다. 여수를 상징하는 입면 디자인과 유선형의 포디움 디자인으로 개관 전부터 2019 미래건축대상 호텔부분 단독수상의 영예를 안으며 그 가치를 다시 한 번 재조명 받았다.",,https://www.utopmarina.com,전라남도 여수시 오동도로 61-15,,,가능,,,,"이호텔 바로앞에 베네치아가 있는데요.. 오히려..그래서 밤에 야경이 더 예뻐보이고 그랬습니다 ㅎㅎㅎ 세탁기 이용도 가능해서 수영하고나서 옷빨기에도 좋아보였어요.. 그리고 4층인가에 무료 안마기도 이용할수있고 저녁때 야외에 칵테일바도 운영합니다. 사람이 없어도 걍 일행끼리 노느라 재밌었어요 그리고 1층에 있는 여수야시장의 돌문어탕!!! 너무 맛있어요!! 꼭 가세요!!! 바다 바로 앞이라 좋습니다ㅎㅎ 시설도 깨끗합니다 깔끔하고 시설도 많아요! 모든 방이 오션뷰라 좋아요! 정말 뷰맛집! 여수는 2,3년에 한번씩 놀러가는데 갈때마다 이용해요 깔끔하고 좋아요 뷰가 멋진 호텔이었어요 내부 시설도 좋고 주요 관광지와 가까워서 좋습니다. 시설도 깨끗하도 뷰 정말 좋아요 우선 내부가 깔끔하고 좋았어요 뷰도좋고 힐링하기 좋은곳이였어요 여기 호텔은 모든 방이 오션뷰예요! 그리고 호텔 내부에 착구장이랑 헬스장도 있답니다 완전 좋아요!! 바다뷰도 너무좋고 룸컨디션도 쵝오! 여행하면서 편히 쉬다 간곳이였습니다",,,,,,,,,,,,,,,,,,,,,,,,,,,,,,,,,,,,,,,,,,,,,,15:00,11:00,불가,"더 웨이븐(뷔페 레스토랑), 미러볼가든(클럽 라운지 바), 여수야시장",389실,,,,,,,"디럭스 , 패밀리, 펫, 프리미어, 자쿠지, 로얄 풀빌라",,있음,,있음,,있음,,,있음,,,,,,
5946,엠보스모텔,"목포 엠보스모텔은 장미의 거리에 위치한 숙박업소로서 인근에 먹자골목이 있어 접근성이 편리하다.
(정보제공자: 목포시청)",,,전라남도 목포시 장미로 79,,,,,,,,,,,,,,,,,,,,,,,,,,,,,,,,,,,,,,,,,,,,,,,,,,,,,15:00,13:00,,,,,,,,,061-285-2211,"일반, 트윈, 온돌",,,,,,,,,,,,,,,
5947,엠모텔,"목포 대안동에 위치하고 있는 엠모텔은 목포역에서 도보로 3분 거리에 있어 접근성이 좋으며 가성비 좋은 모텔이다.
(정보제공자: 목포시청)",,,전라남도 목포시 호남로64번길 13,,,없음,,,,,,,,,,,,,,,,,,,,,,,,,,,,,,,,,,,,,,,,,,,,,,,,,,,,,,,,,,,,061-244-1717,"일반실, 특실, 가족실",,,,,,,,,,,,,,,
5948,웰호텔,"웰호텔은 전라남도 목포시 상동에 위치한 숙박업소이다. 다양한 테마의 객실로 관광객들의 휴식을 더욱 즐겁게한다.
(정보제공자: 목포시청)",,,전라남도 목포시 비파로116번길 6-2 (상동),,,있음,,,,,,,,,,,,,,,,,,,,,,,,,,,,,,,,,,,,,,,,,,,,,,,,,,16:00,11:00,,스낵코너(조식),26,,,,,,0507-1475-0392,"스탠다드 더블룸, 디럭스 더블룸, 디럭스 트윈룸, 패밀리룸",,,,,,,,,,,,,,,
5949,째즈호텔,"목포 째즈호텔은 목포 상동에 위치하고 있으며 호텔급 시설이 완비되어 있다. 깨끗하고 깔끔한 객실 관리로 방문객들에게 최상의 서비스를 제공한다. 또한 1층 서비스 바에 간식도 이용가능하다.
(정보제공자: 목포시청)",,,전라남도 목포시 하당남부로61번길 29 (상동),,,,,,,,,,,,,,,,,,,,,,,,,,,,,,,,,,,,,,,,,,,,,,,,,,,,,15:00,12:00,,서비스바(1층),40실,,,,,,061-261-8900,"일반실, 디럭스, 준특실, 특실, VIP",,,,,,,,,,,,,,,
5950,자라무인텔,"목포 자라 무인텔은 바다가 보이는 전망 좋은 숙박업소이다. 청결한 객실 관리로 방문객들의 여행에 즐거움을 선사한다.
(정보제공자: 목포시청)",,,전라남도 목포시 평화로61번길 8 1~7층 (상동),,,,,,,,,,,,,,,,,,,,,,,,,,,,,,,,,,,,,,,,,,,,,,,,,,,,,16:00,12:00,,,40실,,,,,,061-283-7559,,,,,,,,,,,,,,,,
5951,유토피아가족호텔,"유토피아 가족관광호텔은 목포 종합버스터미너레에서 차로 10분 거리에 있으며, 목포의 명소들이 인접해 있는 접근성 좋은 호텔이다. 또한 호텔 내부에는 주차장과 북카페가 마련되어 있다. 객실 내부에는 각종 편의시설이 완비되어 있으며 간단한 조식도 즐길 수 있다.
(정보제공자: 목포시청)",,https://utopiahotel.kr/,전라남도 목포시 평화로 65-9,,,,,,,,,,,,,,,,,,,,,,,,,,,,,,,,,,,,,,,,,,,,,,,,,,,,,16:00,11:00,,,,,,,,,061-285-3000,"패밀리 트윈, 온돌, 더블, 트윈",,,,,,,,,,,,,,,
5953,콘티넨탈호텔,"콘티넨탈호텔은 최신시설을 갖춘 호텔급 숙박시설로 고급스러운 객실에서 서남해안을 조명할 수 있다. 유달산 옆에 자리해 조각공원으로 가족 나들이 가기 편하며, 산자락 밑에 깔리는 밤바다 풍경이 아름답다. 목포 시내와도 가깝다.
(정보제공자: 목포시청)",,,전라남도 목포시 북항로 149 (죽교동),,,주차가능 (주차요금 : 무료),,,,,,,,,,,,,,,,,,,,,,,,,,,,,,,,,,,,,,,,,,,,,,,,,,14:00,12:00,,,,,,,,,061-244-3500,"일반, 싱글 트윈, 더블 트윈, 온돌",,,,,,,,,,,,,,,
5954,퀸호텔,"목포 퀸모텔은 목포의 관광지 평화광장에 위치한 가족호텔이다. 위생과 청결을 우선시하여 쾌적하게 머무를 수 있다. 전객실 65인치 스마트티비, PC가 설치되어 있어 편안하게 묵어가기 좋다.
(정보제공자: 목포시청)",,,전라남도 목포시 평화로83번길 3 (상동),,,,,,,,,,,,,,,,,,,,,,,,,,,,,,,,,,,,,,,,,,,,,,,,,,,,,16:00,12:00,,,33,,,,,,061-285-0991,일반실,,,,,,,,,,,,,,,
5955,투유무인텔,"투유무인텔은 목포시 복만동에 위치한 모텔이다. 깔끔하고 아늑한 객실이 구비되어 있으며, 전 객실 월풀욕조를 갖추었다. 또한 목포항과 유달산 케이블카에 인접해 있어 연계 관광을 즐길 수 있다.",,,전라남도 목포시 해안로237번길 31,,,있음,,,,,,,,,,,,,,,,,,,,,,,,,,,,,,,,,,,,,,,,,,,,,,,,,,18:00,익일 14:00,,,27,,,,,,061-243-1100,일반실,,,,,,,,,,,,,,,
5956,티무인텔,"티무인텔은 목포 축복동에 위치해 있으며 넓은 객실이 준비되어 있다. 객실 내부는 고풍스러운 인테리어로 꾸며져 있으며, 편안하고 아늑하게 휴식하기에 좋다.
(정보제공자: 목포시청)",,,전라남도 목포시 번화로 82 (축복동3가),,,없음,,,,,,,,,,,,,,,,,,,,,,,,,,,,,,,,,,,,,,,,,,,,,,,,,,16:00,12:00,,,,,,,,,061-247-5800,"일반실, 특실, 트윈",,,,,,,,,,,,,,,
5957,파라오모텔,"목포 파라오모텔은 목포 상동에 위치해 있으며 객실 내부에 편의 시설이 다양하게 구비되어 있다.
(정보제공자: 목포시청)",,,전라남도 목포시 통일대로 60 (상동),,,없음,,,,,,,,,,,,,,,,,,,,,,,,,,,,,,,,,,,,,,,,,,,,,,,,,,,,,,47실,,,,,,061-285-3091,,,,,,,,,,,,,,,,
5958,프라도호텔,"목포프라도호텔은 목포 상동에 위치해있으며 다양한 객실이 구비되어있다.
(정보제공자: 목포시청)",,,전라남도 목포시 번영로 24,,,가능,,,,,,,,,,,,,,,,,,,,,,,,,,,,,,,,,,,,,,,,,,,,,,,,,,15:00,익일 13:00,,,50실,,,,,,061-284-0492,"일반실, 트윈룸, 온돌방, 특실",,,,,,,,,,,,,,,
5959,플러스모텔,"목포플러스모텔은 목포시 상동에 위치하고 있으며 목포 평화광장, 갓바위 등의 관광지에 인접해 있다.
(정보제공자: 목포시청)",,,전라남도 목포시 신흥로69번길 18 (상동),,,주차가능,,,,,,,,,,,,,,,,,,,,,,,,,,,,,,,,,,,,,,,,,,,,,,,,,,15:00,12:00,,,,,,,,,061-285-1066,"일반실, 온돌, 트윈",,,,,,,,,,,,,,,
5960,하루호텔,"목포 하루 호텔은 목포 용당동에 위치한 숙소로 청결하고 아늑한 객실이 방문객들의 만족도를 높인다.
(정보제공자: 목포시청)",,,전라남도 목포시 용당로216번길 30,,,없음,,,,,,,,,,,,,,,,,,,,,,,,,,,,,,,,,,,,,,,,,,,,,,,,,,18:00,12:00,,,17실,,,,,,061-277-2080,"일반실, 디럭스, 스탠다드, 스위트, 특실, 비즈니스",,,,,,,,,,,,,,,
5961,호텔몬다비,"항구의 도시 목포에 위치한 호텔 몬다비는 국내외 관광객 및 비즈니스 고객 등 다양한 고객들이 찾아주시는 명실 상부한 지역의 전통 있는 명소로서 고객에게 항상 편안한 휴식을 제공하기 위해 전 임직원이 노력하고 있다. 2017년 전체 리모델링을 통하여 감각적이고 세련된 디자인으로 재탄생하였으며, 쾌적한 객실환경과 다양한 편의시설로 많은 고객에게 사랑받는 호텔로 거듭나고 있다. KTX, SRT 등 고속열차를 이용하여 수도권에서도 2시간 내에 목포역을 도착할 수 있으며 호텔에서 목포역과 도보로 이동이 가능하고 유명관광지와 이동이 편리하여 목포를 찾는 많은 관광객들이 선호한다.",,http://www.mondavihotel.com,전라남도 목포시 수강로4번길 33,,,주차가능(60대),,,,,,,,,,,,,,,,,,,,,,,,,,,,,,,,,,,,,,,,,,,,,http://www.mondavihotel.com,,,,,16:00,12:00,가족룸만 가능,레스토랑,78실,,,,,,061-242-2200,"양실, 한실",,,,,,,,,,,,,,,
5963,호텔티파니에서아침을,"티파니에서 아침을 호텔은 교통이 편리하며, 목포의 관광지와 인접해 있어 여행객들에게 적합하다. 객실에는 리프트, 컨시어지 서비스가 완비되어 있다. 모든 객실에 주문형 영화 서비스, 평면 tv 등의 엔터테인먼트 시설도 구비되어 있다.
(정보제공자: 목포시청)",,,전라남도 목포시 평화로140번길 24 (옥암동),,,없음,,,,,,,,,,,,,,,,,,,,,,,,,,,,,,,,,,,,,,,,,,,,,,,,,,16:00,11:00,,,40실,,,,,,061-283-6055,"일반실, 특실, VIP",,,,,,,,,,,,,,,
5965,목포가족관광호텔,"목포시내에 위치한 목포가족관광호텔은 목포근대사역사관, 유달산, 목포역과 인접하다. 객실은 2~18인실까지 다양하게 준비되어 있으며, 전 객실 내부에 취사 시설이 있어 취사가 가능하다.
(정보제공자: 목포시청)",,http://www.tophotel.kr,전라남도 목포시 호남로64번길 28 (대안동),,,주차가능(15대),,,,"가성비 나쁘지않고, 가족단위로 많이 오는듯해요 ㅎ 다만 홍어는 못가져온다네영 ㅜ",,,,,,,,,,,,,,,,,,,,,,,,,,,,,,,,,,,,,,,,,http://www.tophotel.kr,,,,,15:00,12:00,,"탐앤탐스(카페), 밀러호프",48,,,,,,061-247-8585,"더블, 트윈, 트리플, 온돌, 스위트, 단체",,,,,,,,,,,,,,,
5966,지중해모텔,"지중해모텔은 전남 목포시 상동에 위치한 모텔로 화사하고 청결한 객실, 객실 내 구비된 PC로 편안한 여행을 즐길 수 있다.
(정보제공자: 목포시청)",,,전라남도 목포시 평화로 65-6,,,없음,,,,,,,,,,,,,,,,,,,,,,,,,,,,,,,,,,,,,,,,,,,,,,,,,,18:00,익일 11:00,,,,,,,,,,,,,,,,,,,,,,,,,
5969,VIP호텔,"VIP호텔은 호텔 지상 1층과 지하 1층에 주차장이 마련되어 편리하게 이용할 수 있다. 모든 객실에서 와이파이를 이용할 수 있고 또한 객실 내에는 각종 편의시설이 구비되어 있다.
(정보제공자: 목포시청)",,http://www.mokpoviphotel.com/,전라남도 목포시 미항로 6,,,주차 가능(25대),,,,,,,,,,,,,,,,,,,,,,,,,,,,,,,,,,,,,,,,,,,,,,,,,,15:00,12:00,불가,,45실,,,,,,061-283-9955,"디럭스, 트윈, 더블트윈, 스탠다드",,,,,,,,,,,,,,,
5970,H모텔,"H호텔은 목포시 상동에 위치하고 있으며 터미널과 대형마트가 가까운 곳에 있어서 하룻밤 머물기에 편리하다. 또한 조용하고 깨끗한 내부를 늘 유지하고 있으며 전기차 충전소가 있다.
(정보제공자: 목포시청)",,,전라남도 목포시 비파로124번길 16-1 (상동),,,주차가능,,,,,,,,,,,,,,,,,,,,,,,,,,,,,,,,,,,,,,,,,,,,,,,,,,14:00,12:00,,,38,,,,,,061-285-2032,"일반실, 특실, VIP",,,,,,,,,,,,,,,
5971,500호호텔,"서남해안 해양 관광의 중심도시 목포를 대표하는 500th 모텔은 현대식 건물과, 최고수준의 서비스를 갖추고 목포 뿐만 아니라 외지에서 방문하는 모든 관광객들에게도 높은 인지도를 유지하고 있다.
(정보제공자: 목포시청)",,,전라남도 목포시 평화로140번길 22 (옥암동),,,있음(주차요금 : 무료 / 승용차 : 20대 가능),,,,,,,,,,,,,,,,,,,,,,,,,,,,,,,,,,,,,,,,,,,,,,,,,,16:00,11:00,,,,,,,,,061-285-0505,"vip, 특실, 일반실",,,,,,,,,,,,,,,
5972,명품무인호텔,"명품 무인호텔에서는 무선 인터넷을 이용할 수 있으며 주차장이 마련되어 있다. 객실에는 각종 시설이 완비되어 있으며 전용 욕실이 마련되어 있다. 또한 간단한 조식을 제공한다.
(정보제공자: 목포시청)",,,전라남도 목포시 하당남부로51번길 14 1-3층(상동),,,없음,,,,,,,,,,,,,,,,,,,,,,,,,,,,,,,,,,,,,,,,,,,,,,,,,,17:00,12:00,가능,,45,,,,,,0507-1444-7701,"스탠다드, 디럭스, 프리미엄, 스위트, VIP, VVIP, 스위트파티",,,,,,,,,,,,,,,
5973,목포무인호텔,"모던 빈티지한 감각에 담긴 따뜻하고 편안한 객실, 우드패턴이 감성을 자극한다. 편안한 휴식공간 욕실은 해바라기 샤워기와 2인용 월풀이 갖춰져 있어 파트너와 함께 여유로운 휴식을 취할 수 있다.
(정보제공자: 목포시청)",,http://www.mpmuinhotel.com/,전라남도 목포시 비파로108번길 14 2~3층 (상동),,,주차가능,,,,,,,,,,,,,,,,,,,,,,,,,,,,,,,,,,,,,,,,,,,,,,,,,,18:00,12:00,,,36,,,,,,061-281-1002,"스탠다드, 디럭스, 스위트, 프리미엄, 비즈니스",,,,,,,,,,,,,,,
5974,호텔얌 목포하당점,"호텔얌 목포하당점은 야놀자 프랜차이즈 비즈니스 호텔로 목포 옥암동에 위치하고 있다. 전 객실에는 스낵바와 향수바가 구비되어 있다.
(정보제공자: 목포시청)",,,전라남도 목포시 옥암로54번길 41-1,,,,,,,,,,,,,,,,,,,,,,,,,,,,,,,,,,,,,,,,,,,,,,,,,,,,,17:00,12:00,,,,,,,,,061-282-8267,"스탠다드, 프리미엄, 트윈",,,,,,,,,,,,있음,,,
5976,스타모텔,"스타모텔은 목포 상동에 위치한 숙박업소이다. 2022년 11월에 트렌드에 맞는 옵션을 비치하고, 고객의 니즈에 맞는 안락한 인테리어로 전 객실을 올 리모델링하여 탈바꿈했다. 게다가 실외에 골프 연습장도 구비되어 있으며, 숙박 시 무료로 이용이 가능하다.",,,전라남도 목포시 번영로 28 (상동),,,있음,,,,,,,,,,,,,,,,,,,,,,,,,,,,,,,,,,야외 골프연습장,,,,,,,,,,,,,,,,15:00,12:00,,,,,,,,,061-282-7010,"스탠다드, VIP, 일반실, 게이밍PC룸, 트윈, 비즈니스",,,,,,,,,,,,,,,
5983,삼광모텔,"삼광모텔 사우나는 목포 유달산 근방에 위치하고 있으며 8층 높이의 조망과, 대형 모텔과 더불어 사우나를 운영하고 있다. 저렴한 숙박료로 운영하며 숙박 이용 시 사우나는 무료로 이용 가능하다. 또한 대형룸과 더블 침대도 완비되어 있고 넓은 주차장을 두고 있어서 관광손님들의 불편을 최소화하고 있다.
(정보제공자: 목포시청)",,,전라남도 목포시 호남로 38,,,없음,,,,,,,,,,,,,,,,,,,,,,,,,,,,,,,,,,,,,,,,,,,,,,,,,,,,,,39실,,,,,,061-242-5856,"일반실, 더블, 특실",,,,,,,,,,,,,,,
5984,오션힐호텔,"여수 최초 스카이비치 ""오션힐호텔"" 은 고래의 큰섬 이라 불리우는 대경도 바다 앞에 위치해 있다. 전객실이 오션뷰인 오션힐호텔은 여자만을 감싸 안은 돌산의 눈부신 야경과 일출, 그리고 잔잔하고 조용한 바다의 여유로움을 느낄 수 있다. 여수 해양관광의 중심에 위치해 있어 접근성이 좋다.
대규모의 관광객을 수용할 수 있는 객실과 19층에 위치한 루프탑 (수영장) 그리고 그 곳에서 보는 바다는 오션힐호텔의 또 다른 자랑이라고 할 수 있다.",,https://www.oceanhillhotel.co.kr/,전라남도 여수시 돌산읍 강남해안로 81,,,주차 가능,장애인 화장실 있음,,출입구까지 턱이 없어 휠체어 접근 가능함,,,,,주출입구는 턱이 없어 휠체어 접근 가능함,장애인 주차장 있음(4대)_무장애 편의시설,엘리베이터 있음,,,,,,,,,,,"건평 13320.63㎡, 지상 19층/지하 2층",,,,596명,,,,,,,,,"인피니티풀, 세미나실, 연회장, 편의점",점자블록 있음_시각장애인 편의시설,,,,,,,,,,,장애인 객실 있음(2실),,,,15:00,익일 11:00,불가,조식뷔페,210실,,,,,,061-640-5600,"디럭스(더블/트윈), 프리미엄 트윈, 게스트트리플, 패밀리룸, 패밀리온돌",,,,,,,,,,,,,,,
5995,무안비치호텔,"전라남도 무안 톱머리 해수욕장 내에 자리한 무안비치호텔은 연중 바닷가의 정취를 즐길 수 있는 호텔급 모텔이다. 다양한 평형대의 객실을 보유하고 있는데, 그 중 60평대 콘도형 객실인 VIP룸이 있어 4가족이 함께 투숙할 수 있는 것이 특징이다. 주차공간도 여유롭다. 무안 CC와 무안국제공항에서 5분 거리에 있다.",,http://muanbeach.kr,전라남도 무안군 톱머리길 36,,,가능,,,출입구까지 경사로가 설치되어 있음,,,,,,,,,,,,,,,,,,"본관 지하 1층~지상 4층, 별관 지상 3층, (2480m²)",,,,150,,,,,,,,,,,,,,,,,,,,http://muanbeach.kr/예약하기,,,,,15:00,11:00,가능,있음,32,,,,,,,양실,있음,있음,,,,,,,,있음,,,,,
5997,빅토리아모텔,"빅토리아모텔은 2009년 새롭게 테마형으로 리모델링하여 깨끗하고 산뜻한 객실에서 안락함은 물론 여행의 별미를 느낄 수 있다. 42인치 벽걸이 HD TV와 듀얼코어 PC를 연동하여 PC 화면을 TV와 동시에 디스플레이하는 최첨단 시스템을 도입하였다. 또한 전 객실에 멀티플렉스 영화 시스템을 구축하여 최신 영화(월 2회 업데이트)를 합법적으로 관람이 가능하다.
빅토리아모텔은 목포 신도시 중심가에 위치하여 도보 5~10분 거리에 은행과 영화관, 쇼핑몰 등 각종 편의시설을 편리하게 이용할 수 있으며, 갓바위 해상 보행교, 평화광장, 목포국립해양박물관, 자연사 박물관, 인공폭포, 영산강 등의 관광시설도 이용할 수 있다. 또한 해남 땅끝과 두륜산, 영암 월출산 기찬랜드, 홍도와 흑산도, 제주도 여행의 중간 기착지로 이용하기에 좋다.",,http://www.빅토리아모텔.kr,전라남도 목포시 하당남부로61번길 22,,,가능,,,,,,,,,,,,,,,,,,,,,,,,,,,,,,,,,,,,,,,,,,,,,http://www.빅토리아모텔.kr,,,,,17:00,익일 12:00,불가,,48실,,,,,,061-287-1002,"일반실, 스위트, 트윈, 영화방",,,,,,,,,,,,,,,
6000,하우트모텔,"죽림사, 정암조광조선생 유배지, 화순 고인돌, 영백정 등의 관광지와 접하고 있는 전남 화순군 도곡면 원화리에 하우트모텔이 자리하고 있다.
전체는 6층 높이의 건물로 중앙 부분은 계단식 구조로 되어 있다. 하얀색의 외관과 중앙 부분의 붉은색 라인이 강렬한 대비를 이루고 있다. 창마다 아래에 반원형 테라스가 있는데 에어컨 실외기가 놓여 있지만 깔끔하고 전체적으로도 유럽풍의 건물이라는 느낌을 준다.
모텔 내부에는 32개의 객실이 운영되고 있다. 6평형 일반실은 총 28개 있는데 모두 원룸형 침대방이다. 밝은 황토색의 느낌을 주는 벽과 천정의 조명 부분은 잘 조화를 이루고 있으며, 격자무늬 창이 색다른 느낌을 더해준다. 가족룸은 기다란 직사각형의 형태를 하고 있는데 원형 침대와 거실 부분을 작은 벽으로 구분 지어 놓고 있다.",,,전라남도 화순군 도곡면 온천1길 18-15,,,가능,,,,,,,,,,엘리베이터 있음,,,,,,,,,,,지상5층/지하 1층,,,,,,,,,,,,,,,,,,,,,,,,,,,,,14:00,익일 12:00,불가,,32실,,,,,,061-379-1700,"가족실(양실/8평형) 4실, 일반실(양실/6평형) 28실",,,,,,,,,,,,,,,
6002,바닷가모텔,"해남 송지면에 위치한 바닷가모텔은 내부 인테리어, 전자제품(공기청정기/완전평면 TV/에어컨), 스팀 사우나를 갖추고 있다. 식당식 주방이 설치되어 있어서 객실 이용객들의 간단한 콘도식 취사 이용이 가능하며 바다를 바라보며 테이블에서 휴식할 수 있는 발코니가 모든 객실에 설치되어 있어 여행하면서 편안히 쉬어 갈 수 있는 곳이다.",,http://www.badagamotel.com,전라남도 해남군 송지면 땅끝해안로 1354-12,,,,,,,,,,,,,,,,,,,,,,,,4층,,,,,,,,,,,,,,,,,,,,,,,,,,,,,15:00,11:00,불가,,15실,,,,,,061-535-5757,"침대방, 가족방(온돌형/트윈형)",,,,,,,,,,,,,,,
6003,골든파크 호텔,"골든파크호텔은 여수 관광의 최적의 입지를 자랑한다. 여수EXPO역 인근에 있어 박람회장 제1문에서 도보로 1분거리, 오동도에서 5분 거리에 위치하여 여수 여행의 시작과 끝을 함께 한다.
깨끗한 시설과 다양한 편의를 제공하는 골든파크호텔은 총 74객실을 보유하고 있으며 관광지로는 유람선으로 금오도, 거문도, 백도 등을 투어할 수 있다.",,http://www.gphotel.co.kr/,전라남도 여수시 오동도로 75,,,,,,출입구까지 경사로가 설치되어 있음_무장애 편의시설,,,,,주출입구는 경사로가 있어 휠체어 접근 가능함,,,,,,,,,,,,,,,,,,,,,,,,,,노래주점,,,,,,,,,,,http://www.gphotel.co.kr/,,,,,14:00,익일 12:00,불가,"골든식당, 토프레소(카페)",74실,,,,,,"061-665-1400,1403","한실(43실), 양실(31실)",,,,,,,,,,,,,,,
6004,샹보르 관광호텔,"샹보르 관광호텔은 KTX 여수엑스포역에서 약 1.5km 거리에 있으며 여수종합버스터미널은 차로 10분 거리에 있다. 동백꽃이 유명한 오동도가 차와 도보로 약 8분 거리에 있으며 거북선을 직접 타볼 수 있는 이순신광장이 걸어서 15분 거리에 자리해 있다. 또한, 돌산공원까지 차로 10분이면 도착한다. 여수에 머무는 동안 아늑한 객실 및 시설을 이용할 수 있다. 조금만 걸어가면 여수 진남관까지 갈 수 있다.",,,전라남도 여수시 공화남2길 20,,,가능,,,,,,,,,,,,,,,,,,,,,지상 5층/지하 1층,,,,,,,,,,,,,"비즈니스센터, 휴게실",,,,,,,,,,,,,,,,15:00,11:00,불가,,45실,,,,,,,"온돌(일반/대형), 더블, 트윈, 패밀리트윈, 콘도형",,,,,,,,,,,,,,,
6006,해남유스호스텔,천년고찰 대흥사가 있는 두륜산도립공원 내에 위치한 해남유스호스텔은 산과 바다와 들이 가장 잘 어우러진 해남과 자연의 신비가 살아 숨 쉬는 서남부 중심에 위치하고 있어 관광과 문화체험에 가장 좋은 곳이다. 또한 청소년 수련활동을 위한 각종 수련 시설 및 프로그램을 완비하여 청소년들의 심신수련의 장이 될 것이다.,,http://hnhostel.co.kr,전라남도 해남군 삼산면 대흥사길 88-88,,,,,,출입구까지 단차가 없어 휠체어 접근 가능함,,,,,주출입구는 단차가 없어 휠체어 접근 가능함,,엘리베이터 있음,,,,,,,,,,,지상 2층/지하 1층,,,,250명,,,,,,,,,"대/소강당, 소회의실, 세탁실, 취사장, 샤워실, 생태체험장",점자유도로 있음_시각장애인 편의시설,,,,,,,,,,,,,,,14:00,12:00,불가,식당,29실,,,,,,061-533-0170,,,,,,,,,,,,,,,,
6008,베니키아호텔 여수,"한국관광공사가 운영하는 베니키아의 체인호텔 ‘베니키아호텔여수’는 2012년 4월에 개관하였으며 바다조망을 최우선시하여 90% 이상의 객실이 탁트인 여수 바다를 바라보고 있다. 호텔 뒤편으로는 여수시청 및 시내가 위치하고 있어 다양한 먹거리를 즐길 수 있으며, 순천만국제정원박람회와 여수세계엑스포장, 돌산, 향일암, 선소, 요트경기장 등이 인접하고 있다. 모든 객실에는 고객님의 중요한 업무 처리 및 여행지 정보검색의 편의를 위하여 노트북이 설치되어 있다. 부대업장으로는 조식뷔페를 즐길 수 있는 식당 및 커피숍이 있다.",,http://www.benikeahotel.co.kr,전라남도 여수시 시청서6길 19,,,내부주차 21대,장애인화장실 있음,,접근로 이용 편리함,,,,,경사로 있음,장애인전용 주차구역 있음(2개)_무장애 편의시설,장애인용 엘리베이터 있음,,,,,,,,,,,13층,,,,250명,,,,점자표지판 있음 (장애인용 객실),,,안내요원 있음(프런트데스크),,,"점자블록 있음(주출입구, 엘리베이터 호출버튼, 장애인용 객실 전면)",,,,,,,,,,http://www.benikea.com/hotel/infoHotel.do?hotelNo=1082,"장애인용 객실 있음(1개)
객실용 단차 없음
장애인용 화장실 (여닫이문)
장애인용 객실 내 샤워부스와 욕조 있음",,,,15:00,11:00,불가,"카페아프리카(1층), 조식뷔페식당(4층)",50실,,,,,,061-662-0001(연결후 1번),,,,,,,,,,,,,,,,
6009,빅토리아호텔,"우주로의 첫 발걸음을 내딛는 도시, 전라남도 고흥에 위치한 빅토리아 호텔은 고흥에서도 가장 큰 규모를 자랑한다. 끝없이 펼쳐진 아름다운 해안과 상쾌한 공기 그리고 내 집 같은 평안함은 국토의 남단 고흥에서 잊지 못할 추억을 만들어 줄 것이다.
창밖으로 펼쳐지는 아름다운 바다와 천해의 자연 경관을 볼 수 있으며 우리나라 유일의 로켓 발사 실황이 펼쳐지는 장관도 호텔 창밖에서 관람할 수 있다. 고흥에서는 유자와 석류 참다래 등의 과일들을 맛볼 수 있다.",,http://www.victoriahotel.co.kr,전라남도 고흥군 도화면 천마로 2736-29,,,가능,,,출입구까지 경사로가 설치되어 있음,,,,,주출입구는 경사로가 있어 휠체어 접근 가능함,장애인 전용 주차구역 있음(2대)_무장애 편의시설,엘리베이터 있음,,,,,,,,,,,4층,,,,,,,,,,,,,"세미나실, 탁구장, 미니골프장, 농구장, 오락실, 노래연습장",점자블록 있음_시각장애인 편의시설,,,,,,,,,,http://www.victoriahotel.co.kr,,,,,14:00,익일 11:00,불가,"오션레스토랑, 한식당",55실,,,,,,061-832-0100,"실버룸, 골드룸, 디럭스룸, 스위트룸",,,,,,,,,,,,,,,
6012,종점모텔펜션,향일암은 해마다 전국 각지의 해맞이 관광객들이 줄을 잇는 곳이다. 종점 모텔 식당은 모텔과 횟집을 같이 운영하고 있다. 관광차 향일암을 찾는 사람들에게는 숙박과 식사를 함께 해결할 수 있어 더 반가운 곳이다. 모텔은 보통 창문이 크지 않은데 종점모텔은 그렇지 않다. 마치 펜션 같은 분위기를 자아낸다. 한쪽 벽면에 크게 창을 내 누워 있어도 바다를 한눈에 볼 수 있다. 발코니가 있어 갯내음을 맡으며 잔잔한 파도 소리도 들을 수 있다.,,http://pension24.co.kr/h/ysjongjeom,전라남도 여수시 돌산읍 향일암로 134,,,주차 가능,,,,,,,,,,,,,,,,,,,,,3층,,,,118명,,,,,,,,,,,,,,,,,,,,http://pension24.co.kr/h/ysjongjeom,,,,,15:00,11:00,,"바베큐장, 횟집(1F)",20실,,,,,,061-644-4737,"한실, 양실, 펜션형",,,,,,,,,,,,,,,
6013,백양관광호텔,"국립공원 내장산 자락에 자리한 백양관광호텔은 백양사를 옆에 두고 수려한 경관과 울창한 숲으로 둘러싸여 있다. 객실은 위치에 따라 사계절 변화하는 백암산의 전경뿐만 아니라 정원과 어우러진 탁 트인 조망권을 제공한다.또한 호텔 내의 각 식당과 부대시설들을 편하게 이용할 수 있으며 부부여행, 가족여행, 기업체 연수에 이르기까지 새롭게 단장한 아늑한 분위기에서 편히 머물다 갈 수 있도록 임직원 일동은 높은 수준의 서비스로 정성을 다하여 성실하게 모시고 있다.",,http://www.baegyanghotel.com,전라남도 장성군 북하면 백양로 941,,,가능(150여대),,,,,,,,,,,,,,,,,,,,,"본관 : 지상 4층/지하 1층
별관 : 3층",,,,230명,,,,,,,,,"갤러리 진, 세미나실&연회장, 캠프파이어장, 족구장, 등산로, 명상산책로, 바베큐장, 웨딩홀",,,,,,,,,,,,,,,,16:00,익일 11:00,불가,"커피숍, 한식당",68실,,,,,,,"한실, 양실, 한실디럭스룸, 스위트룸, 패밀리룸",,,,,,,,,,,,,,,
6014,다이아모텔,"다이아모텔은 여수여객선터미널에서 걸어서 3분 거리, 여수항과 여수역에서는 차로 5분 거리여서 교통이 편리하다. 돌산대교, 하멜등대, 자산공원, 오동도 등 관광지와 가까운데, 바다를 보며 천천히 거닐기 좋다.
방은 일반적인 모텔에 필요한 시설을 두루 갖추었고, 화분과 도자기로 운치를 더했다. 방마다 설치된 공기청정기는 공기를 항상 깨끗하게 정화한다. 각 객실에서는 HD급 채널 100개 이상 시청 가능하며, 초고속 와이파이를 이용할 수 있다.",,,전라남도 여수시 교동남1길 6-3,,,주차 가능(15대),,,,,,,,,,,,,,,,,,,,,4층,,,,,,,,,,,,,,,,,,,,,,,,,,,,,12:00,11:00,불가,,30실,,,,,,061-663-3347,"트윈룸, 온돌룸, 침실룸, VIP룸",,,,,,,,,,,,,,,
6016,소노캄 여수(구 엠블호텔 여수),"세계 4대 미항 여수의 오동도와 2012여수세계박람회장에 위치한 소노캄 여수는 고객의 가장 가치있는 삶이 머무는 공간이다. 머물수록 가치가 있는 품격있는 서비스와 남해바다를 향해 항해하는 멋스런 인테리어, 쾌적한 환경과 첨단설비의 컨벤션 센터를 제공하여 특별한 분들과의 특별한 만남을 기다리고 있다.
전 객실에서 에메랄드 빛의 남해바다를 바라보며 여유와 낭만을 느낄수 있는 뜻 깊은 여행과 휴식처를 만들어준다. 해양도시의 아름다운 낭만과 명실상부한 남해안의 새로운 랜드마크로 자리매김한 소노캄 여수에서 새로운 호텔문화와 품격을 느껴보길 바란다.",,https://www.sonohotelsresorts.com/yeosu,전라남도 여수시 오동도로 111,,,가능,장애인 화장실 있음 대변기 전면 및 측면 접근 가능,,교행구간에 턱 낮춤으로 경사로 설치,"엠블호텔일때부터 여수에 가면 늘 숙박을 하던 곳인데 위치가 정말 좋은 호텔 입니다. 박람회장, 수족관, 케이블카와 오동도가 가깝기 때문에 특히 아이와 함께하는 여행에 추천합니다. 라운지 이용가능한 객실의 경우, 아동 출입도 가능해서 적극 추천합니다. 부부동반으로 여수시 여행 시 방문한 곳입니다. 야간에 오동도 방파제를 산책하며 황홀한 불빛에 매료되어 사진을 찍었는데 야간 경치가 매우 아름답습니다. 위치가 너무 좋아요 동백열차 타는곳도, 케이블카 타는곳도 모두 걸어갈수 있어서 편했어요. 애기하고 2박했는데 주변에 관광지가 가까워서 편리하게 쉬고 왔어요. 오동도, 케이블카 추춘해요~ 호남 최초의 5성호텔입니다. 엑스포 단지 안에 위치하고 전객실 오션뷰로 설계되어 아름다운 남해바다를 볼 수 있는 호텔입니다.",,,,,장애인전용 주차구역 있음(6개)_무장애 편의시설,장애인용 엘리베이터 설치,,,,,,,,,,,26층,,,,,,,,,,,프런트데스크에서 직원 안내 가능,,"피트니스 클럽, 사우나, 비즈니스 센터, 라플로라(플라워샵), 굿앤굿스, 연회장, 웨딩홀","점자블록 설치(접근로, 주출입구, 장애인용화장실 점자표지판, 장애인용 엘리베이터 호출버튼 전면)",,,,,,,,,장애인용 객실 주변 복도에 손잡이 설치하고 손잡이에 점자표지판 설치,,"장애인용 객실 (2개), 현관 입구에 경사로 설치, 안쪽으로 열리는 여닫이 문으로 설치, 장애인용 욕실 (높이조절 샤워기 설치), 비상 호출 벨 설치",,,,16:00,익일 11:00,불가,"마레첼로(레스토랑&바 26F), 셰프스 키친(뷔페 1F), 에스뜨레자(1F), 카페 인디고, 더라운지(3F)",328실,,,,,,061-660-5800,"Standard, Suite, Theme Room",,,,,,,,,,,,,,,
6017,카라모텔,"전남 여수시에 위치한 하얀 건물의 웅장함을 지닌 카라모텔의 내부로 들어서면, 넓은 침대의 깔끔한 침대 커버가 방안 분위기를 편하게 만들어 준다.
TV, 정수기, 미니 냉장고, 컴퓨터, 화장대 등의 생활 편의가 잘 되어 있고, 테이블이 있어 휴식을 취하기에 좋다. 화장실은 매우 넓고 편리하게 되어 있으며 욕조가 있어 피곤함을 풀 수 있어 좋다.",,,전라남도 여수시 무선6길 42-4 (선원동),,,가능,,,출입구까지 턱이 없어 휠체어 접근 가능함,,,,,주출입구는 턱이 없어 휠체어 접근 가능함,,엘리베이터 있음,,,,,,,,,,,6층,,,,101명,,,,,,,,,,,,,,,,,,,,,,,,,18:00,12:00,불가,,32실,,,,,,,"일반실(양실/한실), 특실",,,,,,,,,,,,,,,
6018,엠유(MU)모텔,"전남 목포시의 엠유모텔은 호텔 수준의 침구로 편안한 여행이 될 수 있도록 청결을 최우선으로 내집처럼 여행객들을 모신다. 주변의 많은 맛집의 식당을 둘러 보는 재미와 맛있는 먹거리는 여행의 즐거움을 더해 줄 것이다. 음악분수가 있는 평화광장, 파도와 해류 등에 의해 바위의 침식과정을 볼 수 있는 갓바위, 문화예술회관등은 도보로 이동하여 관광이 가능하며 목포시와 다도해를 한눈에 굽어볼 수 있는 유달산, 삼학도등도 근거리에 있어 여행하기에 편리하다.",,,전라남도 목포시 옥암로54번길 41,,,가능,,,,,,,,,,,,,,,,,,,,,5층,,,,,,,,,,,,,,,,,,,,,,,,,,,,,16:00,12:00,불가,,28실,,,,,,061-282-3666,"일반, 한실, VIP",,,,,,,,,,,,,,,
6022,보성관광모텔,"전남 보성에 위치한 보성관광모텔은 보성고속터미널 바로 옆에 위치해 있어 찾아가기 용이한 곳이다. 녹차밭으로 이미 널리 알려져 있는 보성은 곳곳에 크고 작은 녹차다원이 많이 있으며 모텔 주변에도 이러한 다원들이 많이 분포해 있다. 6층 규모의 건물 외관은 현대식으로 깨끗하게 지어져 있으며 입구를 들어서면 넓고 환한 로비가 관광객을 맞이한다. 객실 내부 인테리어는 고급스럽고 깨끗하다. 객실마다 기본적인 집기 및 비품이 갖춰져 있어 편안하고 안락하게 이용할 수 있다. 모텔 주변으로 녹차다원뿐만 아니라 충절사, 서편제보성소리전수관 등이 있고 남해 득량만 쪽으로 해수탕으로 유명한 율포해수욕장이 위치해 있으며, 공룡알화석지, 일림산철쭉군란지, 유신리마애여래좌상 등 여러 관광지와 유적지가 있다.",,,전라남도 보성군 보성읍 현충로 6,,,주차가능,,,,,,,,숙소출입시 높낮이차 없음_무장애 편의정보,,장애인용 엘리베이터 있음,,,,,,,,,,,6층,,,,,,,,,,,,,,,,,,,,,,,,,,,,,13:00,12:00,불가,,35실,,,,,,061-853-7474,"일반실, 한실, 특실",,,,,,,,,,,,,,,
6023,해양모텔,"해양모텔은 전라남도 목포시에 위치해 있으며 주변 관광지로는 목포 스타 마리너 유람선, 목포자연사박물관, 국립 해양문화재연구소, 목포 문화의 거리, 남농기념관, 목포시립도서관, 국가무형문화재전수교육관, 목포문화예술 회관, 목포문학관, 목포시 청소년 수련관, 이난영 목포의 눈물 노래비, 소설 삼학도 배경지 등이 있다.",,,전라남도 목포시 통일대로 11-1,,,가능,,,,,,,,,,,,,,,,,,,,,,,,,90명,,,,,,,,,,,,,,,,,,,,,,,,,12:00,익일12:00,불가,,18실,,,,,,,"한실, 양실",,,,,,,,,,,,,,,
6025,모텔티,"전남 여수시의 모텔티는 여수여객선터미널 선착장이 바로앞에 위치해 있어 섬을 여행하는 여행객들에게 편리하고, 중앙동상가(시장)도 근접해 있어 건어물등의 쇼핑을 즐길 수 있고 주변에 맛집들이 밀집해 있어 다양한 즐거움을 만들어준다. 모텔의 로비는 따뜻한 느낌의 원목으로 되어 있어 포근한 휴식처의 느낌을 주었고 온돌의 객실은 다락방을 연상시키는 인테리어로 아늑하다.
운영자의 청결을 최고로 하는 서비스정신으로 매우 청결한것이 큰 장점이며 장기 여행객들을 위하여 세탁물관리도 가능하다. 또한 중국어 안내서비스도 가능하다. 가습기가 있어 방은 항상 쾌적하고 인터넷과 노트북을 사용할 수 있다. 또한 맥주와 음료수도 한 캔씩 서비스로 제공한다. 신문이 비치되어 있고 원하는 손님에게는 여수관광지도를 나눠준다. 깨끗한 시설과 친절한 인심, 합리적인 가격까지, 모텔티는 어느 하나 부족함이 없어 여수의 이미지를 높이는 데 크게 기여하고 있다.",,,전라남도 여수시 교동남1길 6-12,,,가능,,,,,,,,,,,,,,,,,,,,,6층,,,,,,,,,,,,,,,,,,,,,,,,,,,,,22:00,익일 12:00,불가,,19실,,,,,,,"한실, 양실",,,,,,,,,,,,,,,
6026,스카이모텔(여수),"여수 연안여객선 터미널과 이순신광장 인근의 스카이모텔은 좌수영음식문화거리에 위치해 있다. 모텔의 외관이나 내부 시설에서 연식이 느껴지지만 여수 원도심에 위치한 지리적 이점은 훌륭하다. 주변으로 상권이 발달되어 있고 맛집이 많아 멀리 가지 않아도 신선한 회를 비롯한 남도의 맛있는 음식을 다양하게 즐길 수 있다.
도보 10분 거리의 여수 연안여객터미널에서 배편을 이용해 거문도, 하화도, 금오도, 개도 등으로 이동이 편리하며 선착장을 따라 바다를 바라보며 종포해양공원까지 산책할 수 있다. 진남관유물전시관과 고소대 등 유적지와 이순신광장의 전라좌수영 거북선이 모두 도보로 방문할 수 있으며, 여수수산물 특화시장도 도보로 이동이 가능하다.",,,전라남도 여수시 교동남1길 5-5 (교동),,,주차가능,,,,,,,,,,,,,,,,,,,,,,,,,,,,,,,,,,,,,,,,,,,,,,,,,,13:00,익일 11:00,불가,,29객실,,,,,,061-662-7780,"양실, 한실",,,,,,,,,,,,,,,
6726,무주덕유산리조트 가족호텔,"덕유산 국립공원 내 2,123,000여 평의 부지 위에 위치한 한국의 대표적 산악형 리조트인 덕유산리조트는 자연과의 조화를 기본콘셉트로 하여 자연과 인간, 예술과 건강의 조화로운 상태를 지향하는 4계절 종합 휴양지이다. 건물 하나 하나와 거리 등 모든 시설이 산악지형에 어울리는 오스트리아풍으로 이루어져 있어 리조트 입구에 들어서면 마치 유럽에 와있는 듯한 착각을 불러일으킬 만큼 아름다운 경관을 자랑한다. 자연친화적인 휴양과 즐길 수 있는 갖가지 레포츠로 조화를 이룬 덕유산리조트는 4계절 휴양지로서 거듭나고 있다.",,https://www.mdysresort.com/,전북특별자치도 무주군 설천면 만선로 185,,,주차가능,,,출입구까지 경사로가 설치되어 있음,,,,,주출입구는 경사로가 있어 휠체어 접근 가능함,장애인 주차장 있음_무장애 편의시설,엘리베이터 있음,,,,,,,,,,,지상 5층/지하 1층,,,,,,,,,,,,,"스키&보드, 골프장, 곤도라, 어린이나라, 테니스장, 족구장, 사우나, 웨딩홀, 연회장, 편의점, 오락거리, 의무실",점자블록 있음(각 동 주출입구 앞)_시각장애인 편의시설,,,,,,,,,,,,,,,15:00,11:00,가능,"한식당, 분식점, 카페, 레스토랑, 치킨집, 한식뷔페",974실,,,,,,063-322-9000,"허니문, 실버, 골드, 로얄",,,,,,,,,,,,,,,
7315,무주스키텔 스키샵,"무주스키텔은 무주리조트 입구에 위치한 스키텔펜션 내 스키, 스노보드 전문 렌털샵이다. 스키마니아를 위한 고급 모델과 보드마니아를 위한 다양한 장비를 보유, 대여하고 있다.",,,전북특별자치도 무주군 설천면 만선로 36-19,,,가능,,,,,,,,,,,,,,,,,,,,,,,,,,,,,,,"스키,블레이드,보드,스키복,스키부츠,보드부츠,폴",,,탈의실 (남녀개별),,,,,,,,,,,,,,,,,,,,,,,,,,,,,,,,,,,,,,,,,,
7571,아라리오뮤지엄 동문모텔2,"아라리오뮤지엄의 다섯 번째 전시공간으로 산지천의 옛 기억이 묻어있는 기존 건물의 흔적과 현대적인 미술작품을 감상할 수 있는 곳이다. 동문시장과 산지천 일대는 한 때 제주시 원도심의 최대 번화가로, 제주항과 가까워 모텔과 여인숙이 많았던 지역이다. 이후 쇠퇴 일로를 걸어오고 있지만, 최근 원도심 살리기 프로젝트로 아라리오 뮤지엄과 함께 생기를 되찾아 가고 있다.",,http://www.arariomuseum.org/,제주특별자치도 제주시 산지로 23,10:00 ~ 19:00,매주 월요일,,,,,아라리오갤러리가 유명해서 제주여행 때 꼭 방문해보고 싶었는데 역시 기대만큼 좋었어요 볼거리가 다양하고 접근성이 좋더라구요. 강추합니다 제주도 다녀왔을때 볼걸 너무아쉬워요 제주도에 또 놀러가고 싶군요 제주갈때 꼭 가보고싶어요 지난번 제주도 갔을때 못가본곳인데.. 다음에 갈땐 꼭 들러볼게요 제주가면 꼭 가고 싶네요 곧 제주도가는데 강렬한 색감이 맘에드네요 다음 제주도 방문 때 꼭 가보고싶네요 제주도 다녀온지 3년이 돼갑니다. 이래선 절대 안되지요. 올 겨울안에 필히 떠날거에요. 제주로 가자 고고 제주도여행가면 꼭 가보고싶네요,,"▪ 성인 20,000원
▪ 청소년 12,000원
▪ 어린이 8,000원",,,,,,,,,,,,,,,,,,"경로자(65세 이상), 장애인 50% 할인",,,,,,,,,,,,,,,,,,,,,,,,,,,,,,,,,,,,,,,,,,,,,,,,,,,,
7611,라온호텔 앤 리조트,"환상의 한림 앞바다와 비양도, 순백의 한라산이 조화를 이루는 천혜의 자연입지에 국내외 전문가들이 혼심의 힘을 다하여 빚어낸 호텔리조트이다. 라온호텔 앤 리조트는 특급호텔과 페어웨이가 한눈에 조망되는 자연 친화형 리조트 단지로 이루어져 있어 고객취향에 따라 호텔과 리조트를 선택할 수 있으며 단지 내 이탈리아 직수입 명품매장 라온명품관과 함께 대한민국 대표 웨딩업체가 운영하는 라팡시아까지 라온호텔 앤 리조트와 연계된 다양한 시설이 있다.",,http://hotel.raon.co.kr,제주특별자치도 제주시 한림읍 금능남로 127,,,주차가능,장애인 전용 화장실 있음(로비),,,,,,,무단차로 휠체어로 출입가능,장애인 전용 주차구역 있음_무장애 편의시설,장애인 전용 엘리베이터 있음,,,,,,,,객실 예약시 휠체어요청 가능,,,,,,,,,,,,,,,,"연회장, 웨딩홀, 아쿠아풀, 사우나, 노천탕, 실내수영장, 피트니스센터, 운동시설, 스포츠샵, 비즈니스센터, 마트, 라온명품관, 마사지샵, 스포츠클럽, 썬플라워의원",,,,,,,,,,,,장애인 전용 객실 있음(5실),,,,15:00,11:00,리조트에서만 가능,레스토랑,72실,,,,,,064-796-7740,"- 호텔 : 디럭스오션뷰 더블/트윈, 프리미엄 트윈, 코너디럭스, 주니어스위트, 로얄스위트, 슈페리어스위트
- 리조트 : 41평형, 53평형, 64평형",,,,,,,,,,,,,,,
8062,해비치 호텔&리조트 제주,"해비치 호텔리조트 제주는 현대자동차그룹의 대표적인 호스피탈리티 계열사로, 해가 처음 비추는 곳이라는 뜻을 지닌 종합 휴양 리조트이다. 제주의 민속 문화와 자연이 잘 보존된 표선에 위치하며, 288실의 호텔과 215실의 리조트로 구성되어 있다. 전체 503개 객실 중 대부분이 오션뷰로, 넓은 객실을 보유하고 있다. 프렌치 파인 다이닝을 포함한 8개의 레스토랑과 바, 사계절 이용 가능한 실내외 수영장 세 곳, 피트니스, 스파, 100평 규모의 라운지, 오락 공간 등 다양한 부대시설을 갖추고 있다. 골프장은 한라산과 바다를 조망하며 사계절 내내 플레이가 가능하다. 또한 총 네 개의 대소 연회장에서 다양한 회의와 행사를 개최할 수 있으며, 제주 평화 포럼을 비롯한 국제적인 대형 행사들이 열린 바 있다.",,https://www.haevichi.com/,제주특별자치도 서귀포시 표선면 민속해안로 537,,,가능,장애인 화장실 있음,,출입구까지 경사로가 설치되어 있음,,,,,"주출입구는 경사로가 있어 휠체어 접근 가능함(회전문,수동문)",장애인 주차장 있음_무장애 편의시설,장애인용 엘리베이터 있음,,,,,,,유모차 대여 가능함,,장애인 객실 내 샤워의자 구비(사전확인),,,,,,,,,,,,,,,,,,,,,,,,,,,장애인 객실 있음,,,,15:00,12:00,가능,,503실,,,,,,,주니어 스위트 / 그랜드 스위트 / 마스터 스위트 등,,있음,,있음,,,있음,있음,있음,,,,있음,,
9676,온양관광호텔 온천탕,"온양관광호텔의 온천수는 마니타온을 함유한 라듐온천으로 온천공에서 직접 공급되는 57℃의 고열 온천으로 약알칼리성 온천수이다. 온천수의 주요 성분은 칼슘, 라듐, 마그네슘 등의 성분이 골고루 함유되어 있으며 온천수의 주요 효능으로는 피부 노화 방지 및 갱년기 장애 예방, 당뇨병의 예방과 치유, 항암과 암 치료, 피로 해소 및 스트레스 해소, 위장병 치유, 성인병 예방과 치유, 신경통, 류머티즘, 습진, 피부병, 냉증, 부인병 등에 좋다.",,http://www.onyanghotel.co.kr/,충청남도 아산시 온천대로 1459,06:00~21:00 (입장마감 20:00),매주 화요일,가능,장애인 전용 화장실 있음,"- 대인 11,000원
- 소인 8,000원
- 경로우대(65세 이상), 객실할인 9,000원
※ 자세한 정보는 홈페이지 참고",출입구까지 단차가 없어 휠체어 접근 가능함,"겨울철 여행으로 온천이 좋은것 같아서 갔습니다. 옛날의 명성은 없지만 그래도 온천을 즐기기 좋은곳이네요. 옛날부터 유명해서 인지 많은 이야기들이 생각났습니다 또 방문하고 싶습니다 겨울철 온천 여행지로 만족스러웠어요. 오래된 호텔이지만 부모님을 모시고 간 여행이라 특유의 중후한 느낌이 오히려 좋았어요. 수질이야 말할 것도 없이 좋고, 객실에 욕조도 있고 온천수도 나와서 피부가 호강했네요. 8월 휴가 차 다녀와 는되... 옛날 온양관광호텔 의 아성을 잊어버려네요 안타까운 관광지 이네요~~~ 옛 영광 을 해복. 했으면 좋겠습니다 파이팅~~~ 몇년전에 갔을때 너무 좋았어요 추억이 많은 곳인데요 따뜻해지기전에 또 가고싶네요 엄마랑 갔다오기 정말 좋아요. 하지만 집에서 가는 버스는 없더라구요. 숙소에서도 온천물을 쓸수있어 너무 좋아요 예로부터 임금의 병을 치유하기위한 온천이라인지 물이 좋아요 주차공간 널찍하니 좋구요 요즘같은 날씨에 뜨근하니 참 좋아요 글쓰다보니 또가고싶네요",,,,,장애인 전용 주차구역 있음(1대)_무장애 편의시설,엘리베이터 있음,,,온천탕 / 노천탕 / 건식사우나 / 습식사우나 등,,,,,,,,,,,,,,,,,,,,,,,,,,,,,,,,,,,,,,,,,,,,,,,,,,,,,,,,,,,,,,,
9717,충주자연호텔,"충주자연호텔은 월악산, 조령산, 수주팔봉 중앙에 위치하여 약 2,000여 평의 연꽃 호수를 조성하고 있다. 자연의 힐링 산책로를 조성하여 자연 생태계에서 볼 수 있는 각종 야생화를 즐길 수 있다. 또한 회화나무 샛길, 도화도 샛길, 도토리 6형제길, 이팝나무 샛길 이외에 쉼터와 각종 산나물 등이 서식하고 있는 곳으로 행복, 자연, 건강을 생각한 테마 둘레길이 조성되어 있다. 이외에 각종 연수를 위한 넓은 대강당과 중강당 그리고 회의 장소로 좋은 소강당, VIP 회의실 등이 있으며 객실 손님을 위한 식당과 사우나, 카페가 운영 중이다.",,https://www.munganghotel.com/,충청북도 충주시 살미면 팔봉로 1061,"- 입실 15:00
- 퇴실 11:00",연중무휴,가능,있음,"[온천]
- 성인 10,000원
- 미취학아동 4,000원
- 투숙고객 5,000원
[호텔]
- 일반실 120,000원
- 패밀리 220,000원
- VIP 380,000원
※ 자세한 사항은 홈페이지 참조",출입구까지 경사로가 설치되어 있음,,,,,주출입구는 경사로가 있어 휠체어 접근 가능함,,엘리베이터 있음,,,,,,,,,,,,,,,,,,,,,,,,,,,,,,,,,,,,,,,,,,,,,,,,,,,,,,,,,,,,,,,,,,
10111,초정약수세종스파텔,"초정약수 세종 스파텔은 충청북도 청주시 초정리에 위치해 있으며 건강과 힐링을 컨셉으로 하는 스파텔이다. 숙소라는 개념에서 벗어나 탄산 광천수 원천탕 사우나와 참나무 장작 황토 한증막, 자연을 벗 삼아 힐링을 체험하는 노천탕 그리고 편안하게 쉴 수 있는 넓은 카페가 준비되어 있는 곳이다.
초정약수는 세계 3대 탄산 광천수로 세종대왕이 행궁을 짓고 67일 동안 머물면서 눈병을 치료했다고 할 만큼 그 효력이 뛰어나며 지금도 고혈압, 당뇨 등 각종 질환에 효과를 보기 위해 많은 사람들이 찾는 곳이다. 황토 벽돌로 쌓은 한증막 설계와 참나무만을 고집하는 장작, 70~80도 사이의 뜨거운 불 한증막과 아궁이에 참나무를 직접 때면서 원적외선 효과를 경험할 수 있다. 한증막에서 나오면 야외에 남, 여 별도로 노천탕이 있다. 한증막에서 내려오면 힐링카페가 나오는데 이곳에서는 수면을 위한 휴게실, 가족만을 위한 별도 프라이빗 룸도 마련돼 있어 다른 찜질방에서 볼 수 없는 공간을 제공하고 있다. 자연 속에서 힐링하며 건강을 챙길 수 있는 곳이다.",,http://www.cjspatel.co.kr/,충청북도 청주시 청원구 내수읍 신기초정로 699,"사우나 / 한증막 06:00~21:00
객실 14:00~익일 11:00",연중무휴,가능(200대),,"[사우나]
일반 8,000원
소인(5세 이하), 경로(만 65세 이상) 6,000원",,"초정리 약수터에서 가까운 탄산수저온천으로 온탕, 사우나는 다른곳과 비슷한데 가장큰 장점이며 다는곳과 차별된것은 당연 광천수탕 이다. 탕물을 필터로 정화해서 재사용하느것이 아닌 계속 흘러넘치게 탄산수를 공급한다. 약수터에서 귀하게 얻는물을 한없이 사용해볼수있다. 철분도 많아서 목욕후 하루 이틀정도는 몸에서 녹슨쇠 냄새가 느껴진다. ",,,,,,,,,,,,,,,,,,,,,,,,,,,,,,,,,,,,,,,,,,,,,,,,,,,,,,,,,,,,,,,,,,,,,,,,
10175,제이원 호텔(제이원 호텔 엔 리조트),"제이원호텔은 충북 청주시 청원구 오창읍에 자리 잡고 있다. 호텔은 오창IC에서 가까운 거리에 있다. 서울과 수도권 비지니스와 사교의 장으로 손색이 없으며 각종 세미나와 워크샵, 국제행사 등 성공적인 비즈니스를 돕고 있는 제이원호텔은 행사의 다양한 목적에 적합한 최신 시설을 갖춘 연회장이 준비되어 있다. 호텔에는 금연 객실 300실이 마련되어 있다. 부대시설로는 레스토랑, 피트니스 센터, 바, 라운지 등이 갖추어져 있으며 편의시설로는 커피숍, 24시간 운영 프런트 데스크 등이 있다.",,http://www.jonehotel.com,충청북도 청주시 청원구 오창읍 중부로 806,,,,,,,,,,,,,,,,,,,,,,,,,,,,,,,,,,,,,"레스토랑, 웨딩홀, 미팅룸, 휘트니스센터",,,,,,,,,,,http://www.jonehotel.com,,,,,15:00,12:00,,,300실,,,,,,043-249-7777,"스탠다드, 디럭스, 이그제큐티브, 스위트",,,,,,,,,,,,,,,
10176,RI온천(RI온천호텔),RI 온천은 충북 충주시 수안보면에 자리 잡고 있다. 이곳은 객실 내부에 가족탕을 전문으로 운영하는 온천이다. 이 덕분에 프라이빗하게 온천을 즐길 수 있다. RI 온천은 괴산 IC와 수안보시외버스터미널과 가까운 거리에 있다. RI 온천 호텔은 원형 욕조와 히노끼(편백나무) 탕 두 가지 버전으로 방이 준비되어 있다. 원형 욕조는 고급 월풀 욕조이며 호텔의 온천수 역시 객실까지 순수 천연 욕조수를 직수로 공급하고 있다. 대대적인 리모델링을 하여 내부가 깔끔하고 현대적인 느낌이 물씬 난다. 주변에는 조령산자연휴양림이 있어 연계 관광에 나서기 좋다.,,http://www.rihotel.kr/,충청북도 충주시 수안보면 물탕2길 9,16:00~익일 11:00,연중무휴,"가능
요금 (무료)",,,,,,,,,,,,,,,,,,,,,,,,,,,,,,,,,"40,000원~150,000원
※ 이용요금은 변동될 수 있으므로 홈페이지 참조 또는 전화 문의 요망",,,,,,,,,,,,,,,,,,,,,,,,,,,,,,,,,,,,,,,,,,,
12106,산악코스텔,"인제 산악코스텔은 인제군 기린면에 위치한 숙박시설로 군 복지 및 편의 시설이다. 군장병이나 군간부들이 사용할 수 있는 가성비 좋은 숙박업소로 한 건물 내에 콘도형 객실, 식당, 카페, 인터넷방, 편의점 등이 있다. 이곳은 군인과 군인 가족들이 이용 가능하며, 주로 면회 온 가족들이 머무른다. 2인실, 4인실이 있고 한실 양실도 있으며 야간에는 무인으로 운영된다. 근처 군인아파트 내에 PX가 있어서 생필품을 살 수 있다. 주변에 산과 녹지가 많고 공기가 맑고 깨끗해서 산책할 곳이 많다.
예약은 육군복지시설 예약시스템인 육군 휴 드림에서 하면 된다.",,https://welfare.army.mil.kr/main.do,강원특별자치도 인제군 기린면 내린천로 3924-72 (기린대아파트),,,있음(20대),,,,,,,,,,,,,,,,,,,,,,,,,,,,,,,,,,,,,,,,,,,,,https://welfare.army.mil.kr/main.do,,,,,15:00,익일 11:00,,,22실,,,,,,,,,,,,,,,,,,,,,,
12175,파스텔상점피크닉,"강릉역 근처에 위치한 피크닉 & 파티용품 렌털전문점이다. 강릉 관광지, 해변에서 영화 같은 인생샷을 찍기 위해 필요한 물품을 대여한다. 피크닉, 캠핑, 낚시, 파티용품, 파라솔, 타프 등 상업 촬영, 스냅 촬영 등에 필요한 감성 용품을 대여하는 곳이다. 본인이 원하는 콘셉트에 맞춰 각종 소품들을 대여할 수 있다.",,,강원특별자치도 강릉시 강릉대로211번길 20-1 (교동),11:00~20:00,"매주 월요일 (12월~2월 월, 화 휴무)","가능 (가게 앞 3대, 인근 공용주차장)",,,,,,,,,,,,피크닉 용품 대여,,,,,,,,,,,,,,,,,,,,,,,,,,,,,,,,,,,,,,,,,,,,,,,,,,,,,,,,,,,,,,,,
12238,켄싱턴 호텔 평창 글램핑 빌리지,"켄싱턴 플로라 글램핑 빌리지는 강원도 평창군 진부면에 위치해 있다. 영동고속도로 진부 IC에서 10분 거리이다. 켄싱턴 플로라 호텔 내부에 자리를 잡고 있어 실내·외 수영장, 사우나, 플로라 가든, 전문 강사에게 배우는 스노클링과 스킨 스쿠버 체험, 그리고 어린이를 위한 코코몽 키즈 라운지와 같은 부대시설을 즐길 수 있다. 글램핑은 10개 동을 운영하고 있으며 호수와 인접한 잣나무 숲에 있어 운치가 있다. 호텔 숙박을 겸해 대관령 한우 모둠이나 비어 캔 치킨 등이 나오는 디너 타임을 글램핑에서 즐길 수 있는 패키지 상품이 시즌에 따라 나오기도 한다.",,https://www.kensington.co.kr,강원특별자치도 평창군 진부면 진고개로 231,예약시문의,,가능,가능,,,,,예약시문의,,,,,,,,,,,,,,,,,,,,,,,,,,,,"물놀이장, 놀이터",,,,,,,,,,,,,,,,,,,,,,,,,,,,,,,,,,,,,,,,,,
12426,영월에코빌리지 유스호스텔,"신재생에너지 사용으로 이산화 탄소 배출을 최대한 줄일 수 있도록 설계하여 2018년도에 개원한 한국 최초의 친환경 패시브 하우스(passive house) 유스호스텔이다. 탄소배출 제로를 목적으로 ‘순환’이라는 모티브가 실내외 곳곳에 스며있어 머무름 자체만으로도 자연과 하나 됨을 느낄 수 있는 생명친화적 공간이며, 최대한 많은 자연광이 공간 내부로 들어오도록 하여 필요 전력량을 최소화했다. 개방형 공간에서는 시간과 계절에 따라 달라지는 빛의 유입량을 활용해 방문객들에게 다양한 느낌을 선사한다. 태양광, 바람 등 자연으로부터 에너지를 얻기 때문에 머무름이 곧 ‘깨끗한 24시간’의 체험이 되며 탄소발자국을 지워 나가는 생태체험은 아이들에게 근사한 경험이 된다.",,영월에코빌리지 http://www.ecovil.kr,강원특별자치도 영월군 영월읍 동강로 716,15:00~익일11:00,연중무휴,주차가능,있음,,출입구까지 경사로가 설치되어 있음,영월은 밤하늘 별 보기 좋은 청정지역인데 찐 '에코'빌리지일 듯한 느낌이네요! 영월은 가기만 해도 좋아요. 친환경 스테이라니 더더욱 가고 싶네요 청정지구 영월! 가보고 싶군요. 영월은 진짜 사랑입니다 걸어서 다니기도좋고 특히 배추전은 도착하자마자 제일먼저 가서 드시고출발하세요 에코빌리지는 정말 아늑한 최상의 곳입니다 10년전 좋았던 추억이 남아있는 영월 다시 가보고 싶네요 감사합니다,,"[숙박시설]
- 더블룸 95,000원~185,000원
- 트윈룸 120,000원~210,000원
- 패밀리룸 150,000원~245,000원
[세미나실]
- 상상스튜디오 100,000원~200,000원
※ 자세한 사항은 홈페이지 참조 또는 전화문의 요망",,주출입구는 경사로가 있어 휠체어 접근 가능함,"장애인 주차장 있음(4개,대형주차장,장애인표지판)_무장애 편의시설",엘리베이터 있음,,,,,,전 연령,,,의자식 테이블 있음(식당동)_무장애 편의시설,,,,"숙박시설, 카페테리아, 제로하우스, 뭐든지 스튜디오, 그린스토리",,,음성안내버튼(점자안내판) 있음,,,점자안내판 있음,,,안내요원 있음,,,점자유도로 있음_시각장애인 편의시설,,,,,,,,,,,장애인 객실 있음,,,,,,,,,,,,,,,,,,,,,,,,,,,,,,
12471,오션투유리조트 속초설악비치 호텔앤콘도,"해당화와 울창한 소나무 숲 그리고 눈부신 백사장이 조화를 이루고 있으며, 낮은 수심과 깨끗한 해변으로 가족이 함께 즐길 수 있는 삼포해변에 자리 잡은 오션투유(구, 삼포 코레스코)는 수채와 같은 사계절 바다 풍경을 감상할 수 있다. 또한, 해변가를 따라 늘어선 오션투유(구, 삼포 코레스코)에서는 더욱 가까이 바다향기를 느낄 수 있다.",,http://www.ocean2you.co.kr,강원특별자치도 고성군 죽왕면 삼포해변길 9,,,주차 가능,,,출입구까지 경사로가 설치되어 있음(수동문)_무장애 편의시설,"객실이랑 리조트 내외부 곳곳에 리모델링 진행중이라 매년가는곳인데 갈때마다 컨디션이 좋아지고 있어요 올해는 객실바닥도 더 정비되고 복도도 환해졌네요 리조트 바로앞에는 걸어갈수있는 삼포해수욕장이 있어서 바다와 접근성도 너무 좋구요 간이 세족장에 물도 잘나와서 객실에 들어가기 전에 간단히 씻기도 좋아요 리조트 바로 앞에 걸어서 갈수있는 삼포해수욕장이 있어서 여름에 숙박하기 너무 좋은곳입니다. 객실도 리모델링 되고 있고 오션뷰 객실은 일출보기 딱 좋아요 객실안에서 보는 일출이 장관입니다. 리조트 엄청 크고 바닷가 가족여행지로 최고네요. 모래사장이 넓고, 수심도 완만해서 아이들 놀기도 좋을듯하고 주변이 잘 정비되어 있어요. 여름 휴가 전이나 후로 더울때 풍덩하러 다시 가야겠어요. 리조트 앞에 한우국밥집 음식맛이 좋아서 그곳에 가려고도 또 가얄듯요. 황태국밥도 명태회무침도 아침인데도 목까지 먹고 나왔네요. 리조트 가시는분들 꼭 식사드시러 들려보세요~^^",,,,주출입구는 경사로가 있어 휠체어 접근 가능함,,엘리베이터 있음,,,,,,,,,,,"지하 2층, 지상 7층",,,,,,,,,,,,,"연회장, 노래방, 라바짜(카페), GS편의점",,,,,,,,,,청각 경보 시스템 설치,http://www.ocean2you.co.kr,,,,,15:00,11:00,가능,"다연(조식뷔페), 오션숯불갈비&바베큐장, 속초횟집, 반데라 리얼바베큐 플레이츠",250실,,,,,,1666-1243,23평형,,,,,,,,,,,,,,,
13015,델피노호텔&리조트 오션플레이,"델피노의 오션 플레이는 실내 워터파크 및 노천탕으로 구성된 물놀이 테마파크이다. 휴식과 건강이 공존하는 웰빙을 컨셉으로 일상생활에서 벗어나 자연 안에서 가족과 연인들이 즐길 수 있는 장소이다. 소노펠리체 부대시설동 1층에 위치한 오션플레이는 실내존과 실외존, 온천사우나로 구분되어 있고 수영장을 이용하기 전 사우나에서 가볍게 샤워하고 바로 실내존으로 들어가서 놀 수 있다. 실내 수영장으로 들어가면 탁 트인 통유리창으로 멀리 바닷가를 보면서 물놀이를 할 수 있어 다른 수영장과 비교해 뷰가 정말 좋은 곳이다. 수심은 1미터 정도로 얕은 편이라 아이들이 물놀이하기에도 안전하고 물도 미온수로 따뜻한 편이라 실내에서 놀 때 춥지 않게 물놀이를 할 수 있다. 구명조끼와 튜브는 렌탈샵에서 대여가 가능하다. 주요시설로는 아이들이 얕은 수심에서 물놀이를 할 수 있는 키즈 플레이 풀, 키즈 리버, 실외 인피니티 풀 등이 있다.",,https://www.sonohotelsresorts.com/dp,강원특별자치도 고성군 토성면 미시령옛길 1153,"10:00~19:00 (실내존)
10:00~18:00 (야외존)",연중무휴,가능,장애인 화장실 있음,"[미들시즌(2024.08.26~2024.10.06)]
- 어른, 청소년 52,000원
- 어린이 47,000원
-영/유아(36개월 미만) 무료

[골드시즌(2024.06.22~2024.08.25)]
- 어른, 청소년 62,000원
- 어린이 52,000원
-영/유아(36개월 미만) 무료
※ 36개월 미만 영/유아 의료보험증 등 나이 확인이 필요한 증빙서류 필수",출입구까지 턱이 없어 휠체어 접근 가능함,"소노펠리체에 가면 굳이 밖에 나가지 않아도 먹거리, 볼거리가 충분하여 편히 쉬면서 즐기기 아주 좋은 장소입니다. 숙소 밖으로만 나가면 어디에서도 볼수있는 울산바위 경치는 압권입니다 방 안에서 보는 울산바위뷰가 끝내줍니다! 그냥 예약했다가 체크인하면서 울산바위뷰 추가했는데 안 했으면 후회할 뻔 했어요ㅠㅠ 주말에는 사람이 정말 많을 것 같은데 일요일에 가시면 비교적 한산합니다~ 강추! 이번 설날 가족여행으로 방문했던 곳이에요! 객실에서 설악산뷰를 바라보고 있으면 오션뷰와는 또 다른 매력을 느낄 수 있었습니다. 리조트 안에 즐길거리들도 많아서 멀리 나가지 않아도 충분히 재밌게 즐길 수 있어요! 겨울에가면 절경도 보고 방뷰가 설악산뷰라 끝내쥽니다 야외에 작게 눈놀이터도 만들어주실때도 있는데 아이들환장해요 ㅎ 아내와 델피노에서의 1박 2일 여행 숙소가 울산바위가 눈앞에 보이는 곳으로 잡아서 너무 행복했어요 다음날 아침에 더엠브로시아 커피숍에서 울산바위를 보며 차를 마시는 기분도 너무 좋았어요. 델피노호텔리조트 오션플레이 사우나 모두 또 오고 싶은 멋진 추억을 준곳이네요 또 오고싶어요^^ 남편과함께 휴가를맞아 놀러왔어요 봄가을에오고 겨울엔 처음왔는데 설악산 울산바위도 보이고 뷰가완전최고에요 아이들하고 오기너무좋아요 물놀이 수영장사우나 노천탕도있고 실내외서 다 누릴수있어 너무좋아요 추천합니다 ^^ 전체적으로 깨끗하고 병풍산맥(설악산)뷰가 멋지고,물이 좋은거 같아요.",,,,주출입구는 턱이 없어 휠체어 접근 가능함(수동문),장애인 주차장 있음_무장애 편의시설,엘리베이터 있음,수유실 있음,,"- 실내존 : 인피니티풀, 키즈풀, 키즈리버, 바데풀
- 야외존 : 인피니티풀, 야외풀, 키즈풀, 레이지리버, 튜브슬라이드",,,,대여가능,,,,,,,,,,,,,,,안내요원 있음,,,점자블록 있음(주요시설 앞)_시각장애인 편의시설,,,,,,,,,,,,,,,,,,,,,,,,,,,,,,,,,,,,,,,,,
14679,호텔 마리나베이 서울 아라,"호텔 마리나베이 서울 아라는 쇼핑과 레저를 즐기기에 이상적인 장소에 위치하고 있다. 바로 앞에 있는 김포 현대아울렛은 다양한 브랜드들과 할인된 상품들을 제공하여 즐거움을 더한다. 또한 주변에는 다양한 관광 명소와 레저 시설들이 있어 즐거운 시간을 보내기에 좋다. 이곳은 도시와 자연이 조화롭게 어우러진 아름다운 공간이며, 창문 너머로 펼쳐지는 한강과 아라뱃길의 전경은 머무는 시간을 더욱 특별하게 만들어준다.",,https://marinabayseoul-ara.com,경기도 김포시 고촌읍 아라육로152번길 210-50,,,가능,,,,오늘 가는곳인데 기대되네요 아이랑 오랫만에 푹 쉬다 왔으면 좋겠어요,,,,,,,,,,,,,,,,,,,,,,,,,,,,,,수영장 / 키즈존 / 게임존,,,,,,,,,,,,,,,,15:00,11:00,불가능,비아제 레스토랑,277실,,,,,,,"디럭스패밀리트윈 / 프리미어더블,트윈 / 프리미어패밀리트윈 / 키즈룸 등",,있음,,있음,,,,,있음,,,,있음,,
15128,힐사이드온천텔,"힐사이드온천텔은 경기도에서 정식 온천으로 허가받은 자연 용출수 온천을 이용할 수 있는 곳이다. 이곳에서 사용하는 율암 온천수는 알칼리 성분이 높아 피로 해소 등에 효과가 있다. 패밀리룸은 침대방과 온돌방인 방 2개와 거실로 구성되어 있다. 일반실은 일반 욕조를, 특실은 스파 욕조를 갖추고 있다. 각 실의 모든 욕조는 2~3인용이며 목욕베드가 기본으로 설치되어 있다.",,,경기도 화성시 팔탄면 온천로 428-12,"[숙박]
- 평일 18:00~익일 11:00
- 주말 18:00~익일 10:00",연중무휴,"가능
요금 (무료)",있음,,,,,,,,,,,,,,,,,,,,,,,,,,,,,,,,"- 대실 25,000원~40,000원
- 숙박 40,000원~150,000원
※ 이용요금은 변동될 수 있으므로 홈페이지 참조 또는 전화 문의 요망",,,,,,,,,,,,,,,,,,,,,,,,,,,,,,,,,,,,,,,,,,,
15197,라비돌 호텔&리조트,"라비돌호텔리조트는 서울에서 30분 거리 안에 있는 한실과 양실을 갖춘 호텔이다. 최첨단 실버 시설을 겸비한 복합 휴양 시설로 유럽풍의 이국적인 정취를 느끼게 하고 멀리서도 한눈에 들어오는 규모의 아이보리색 하얀 건물이 주변의 산세와 어울려 사람들의 시선을 끌며 감성 있는 4성급 호텔이다. 총객실은 241실이며, 1,000명 규모의 행사시설 신텍스를 겸비했으며, 헬스장, 사우나, 수영장 등을 갖춘 피트니스 클럽과 비스트로 한식당, 페트루스 중·양식당, 라운지캐슬 카페바, 야외 결혼식장과 9홀 퍼블릭 골프장을 갖추고 있다.",,http://www.laviedor.com,경기도 화성시 정남면 세자로 286,,,가능,"장애인용 화장실 있음(3층 세미나실 옆, 남녀분리) * 화장실에 휠체어 접근 가능함 * 일반 화장실에 손잡이가 달린 소변기 있음",,문턱 없이 평지로 연결되어 있어 통과 가능함 * 호텔 진입로에 도움벨 있음,우럽풍의 건물과 탁트인 넓은잔디로 사진찍으면 예쁘고 수영장이 좋았어요 풍경이 너무 아름답지만 저는 개인적으로 수영장이랑 야외레스토랑이 넘 좋았습니다 가보고 싶어요 너무 예뻐보이네요 편안하게 쉬다가 갑니다 배드민턴 대여해주는 서비스도 작지만 좋네요 작년에 딸 사위와 손자들 데리고 다녀왔는데 집에서 거리도 가깝고 가격도 착하고 수영장있 어서 손자들이 엄청 좋아했어요 시설도 좋고 친절하고 가성비도 좋아서 강추합니다 이국적인 정취속에서 편안한 휴식을 취할 수 있어 좋아요 집에서 차로 한시간 정도 가면 나오는곳 입니다 자연속 힐링 하고 싶을때 들리는 곳이에요 가격도 저렴하고 가성비 좋은 호텔입니다 아이들이 있으시면 수영장도 완비되어잇어 정말 최적하 호텔입니다 화성은 아주 넓은 도시입니다 최근에 신상호텔들이 많이 들어서고 있는데요 도심을 벗어나 한적한 자연에서 호캉스를 즐기기에 좋은 장소 입니다 아늑한 내부가 좋아보여요 리조트 내부가 아늑하니 좋았고 다양한 시설들이 많아서 골라서 잘 즐길수 있는 곳입니다.,,,,주 출입구에 휠체어 통과 가능함(수동문),"장애인 전용 별도 주차칸 있음 (호텔 지하 주차장 8대, 골프장 옥외주차장 6대, 골프장 클럽하우스 앞 2대)","엘리베이터(저층용 1기, 고객용 2기, 화물용 1기, 비상용 1기) 휠체어 탑승 가능",수유실 있음(3층),,,,,,,"휠체어 무료 대여(2대, 안내데스크, 신분증 보관, 대여소 연락처)",,,"면적 27,989.86㎡
지상 19층/지하 1층",,,,964명,,,,,,,안내데스크 있음(2층 로비),,"세미나실, 골프장, 휘트니스센터, 비즈니스센터, 공용pc실, 사우나, 야외가든, 웨딩홀, 연회장, 자전거대여","점자유도블록 설치됨9점자블록 연결) * 점자블록 있음(계단 앞, 엘리베이터 앞)",,,,,,,,,,,"장애인용 객실 있음, 객실 입구 턱 없음(2개, 5층) * 장애인용 객실 내부에 장애인용 화장실, 욕실 있음(보조의자, 손잡이 등)",,,,11:00,익일 15:00,불가,"비스트로(한식당), 라운지, 페트스(중식/양식당)",241실,,,,,,,"슈페리어, 한실, 디럭스, 쥬니어스위트, 이그젝티브스위트, 파크힐스위트, 라비돌스위트",,,,,,,,,,,,,,,
15475,더 힐하우스 호텔 양평,"럭셔리 고풍스러운 호텔로서의 명성을 이어가고 있는 더 힐하우스 호텔은 그 시설뿐만 아니라 고객에 대한 서비스 하나하나 에도 그 명예를 이어갈 수 있는 특별함을 추구하고 있다. 고객은 따뜻하고 품위 있는 분위기 속에서 힐하우스 만의 특별한 서비스를 통해 표현한 요구뿐만 아니라 표현하지 않은 기대까지도 충족되는 신비로운 경험을 할 수 있다. 양평을 대표하는 호텔에서 이제 한국의 명문호텔로 변모하고 있는 양평 힐하우스, 세계적인 리조트 블랙스톤 제주와 함께 가는 더 힐하우스는 철학 있는 서비스, 품격이 있는 휴식을 제공하고자 노력하고 있다.",,https://www.thehillhouse.co.kr,경기도 양평군 강하면 강남로 489,,,무료 주차장,,,,,,,,,,,호텔Ⅰ지하1층에 있음,,,,,,,,,,,,,,,,,,,,,,,"웨딩홀, 세미나실, 연회장",,,,,,,,,,,,,,,,15:00,11:00,불가,"나루께(한식당), 젤코바(패밀리 레스토랑), 스완(퓨전 레스토랑), 더 델리(베이커리), 리버사이드 테라스(카페)",44실,,,,,,031-771-0001,"호텔Ⅰ, 호텔Ⅱ",,,,,,,,,,,,,,,
17709,천마산온천호텔 / 천마온천,"창원 북면 지역은 오래된 문헌에 온천으로 표기되었을 만큼 온천으로 유명하였다고 한다. 천마(북면) 온천은 조선 시대 중기에 발견된 온천으로 '세종실록', '여지도서', '동여비고', '대동여지도' 등에 '온정'으로 기록되어 있는데, 당시 목욕탕이 3칸, 부엌이 달린 집이 3칸이었다고 한다. 그 후 한동안 폐쇄되었다가 일제시대였던 1929년 도립병원장 도쿠가와에 의해 재발견되어 1945년 해방과 더불어 한국인 손진일 씨가 인수하여 오늘날까지 그의 후손들이 경영해 오고 있다. 이곳의 특징은 지하에서 끌어올린 원수가 57도나 되기 때문에 '끓이지 않는 온천'으로 유명하다. 찬물은 온천물을 식혀서 사용한다. 특히 이곳에는 노천탕이 있어서 색다른 경험을 할 수 있으며, 가족탕과 숙소도 별도로 운영한다.",,,경상남도 창원시 의창구 북면 천주로 1171,04:30 ~ 21:00,,가능(무료),,"온천욕 6,000원, 가족탕 20,000 ~ 25,000원
※ 이용요금은 변동될 수 있으므로 홈페이지 참조 또는 전화 문의 요망",,가까운 온천 어디 있을까 찾다 가봤어요 시설도 괜찮고 물도 너무 뜨끈하고 좋네요 애들이랑 다같이 오랜만에 탕에서 뜨끈하니 기분좋게 몸담구고 왔어요 씻고 나와서 바로 집으로 안오고 주변 카페에서 달달한거 한잔씩 먹고 오니 딱 좋더라구요 바로 오지 마시구 카페도 들리구 맛집도 가시면 원데이 코스로 너무 좋을듯해요 초등학교때 가 본 천마산 다 큰 성인이 되어 온천호텔에 와 봤네요. 감회도 새롭고 이 곳 온천 너무너무 좋아요. 이곳 특징은 지하에서 끌어올린 원수가 57도나 되기 때문에 끓이지 않는 온천이라네요. 와. 세상에 너무 신기하고 뜨거웠네요. 몸 잘 녹이고 갑니다. 온천은 따뜻한물로 피로와 건강을 위해 갑니다. 그런데 겨울철 인데도 온천물이 따뜻하지 못합니다. 그래서 종종오는 손님들의 불만이 많습니다. 운영자측에 뜨거운 물을 요구해도 답변이 없습니다. 시정을 요구합니다.,,,,,,,,,"노천탕, 사우나, 숙박시설",,,,,,,,,,,,,,,,,,,,,,,,,,,,,,,,,,,,,,,,,,,,,,,,,,,,,,,,,,,,,,,
17766,통영한산마리나호텔리조트,"통영한산마리나리조트는 대한민국 최초 요트와 호텔이 어우러진 수변형 마리나호텔&리조트 시스템을 갖춘 곳으로써, 자연친화적 콘셉트가 돋보이는 환경에 고급 레저스포츠인 요트투어와 해양레저스포츠인 요트투어와 해양레저 프로그램을 연계하여 그 어디에서도 볼 수 없던 비즈니스 휴양문화를 선사한다.
호텔객실은 인원수에 따라 다양하게 이용이 가능하며, 호텔 곳곳에 펼쳐진 호수와 넓은 수영장, 야외온천, 원두막 바비큐 시설 그리고 단독객실에 주어진 마당과 야외스파 등 휴양, 레저시설은 고객의 편의를 최대한 고려하여 편안하고 여유 있는 휴식과 차별화된 레저활동 마음껏 즐길 수 있도록 하고 있다. 전통과 현대의 조화, 다도해가 한눈에 보이는 해안가에서 즐기는 럭셔리 레저공간, ‘통영한산마리나호텔&리조트’에서 여유로운 삶과 행복을 마음껏 느껴보길 바란다.
(정보제공자 : 통영시청)",,http://www.hansanmarina.co.kr/,경상남도 통영시 산양읍 삼칭이해안길 820,,,주차가능,,,출입구까지 턱이 없어 휠체어 접근 가능함,,,,,주출입구는 턱이 없어 휠체어 접근 가능함(수동문),장애인 주차장 있음_무장애 편의시설,엘리베이터 있음,,,,,,,,,,,,,,,,,,,,,,안내요원 있음,,"야외풀장, 요트&해양레저스포츠, 자전거트레킹, 스파, 세미나실",점자블록 있음(주출입구)_시각장애인 편의시설,,,,,,,,,,http://www.hansanmarina.co.kr/,장애인 객실 있음,,,,15:00,11:00,,"선상파티, 통영불곰다찌(횟집)",100실,,,,,,055-648-3332,"디럭스, 스위트, 온돌 스위트, 마리나 스위트, 한산 로얄",,,,,,,,,,,,,,,
18834,더케이경주호텔 스파온천,"더케이경주호텔 스파온천은 신라 천년고도 경주 보문관광단지 내에 위치한 호텔이다. 호텔은 2001년 6월에 개장하였으며 스파월드는 사우나, 노천탕, 헬스, 수영장 등의 시설이 있다. 자체 개발한 온천수는 지하 630m에서 용출되는 100% 천연 온천수로 1일 900톤의 풍부한 온천자원을 보유하고 있으며 높은 온도와 구성 암석의 용해 및 유화수소의 혼입으로 천연 나트륨, 염소, 유화 성분이 함유된 천연 알칼리성 온천으로 유명하다. 또한 장치를 통하여 물속의 중금속과 불순물을 제거하여 류머티즘, 신경통, 근육통, 피부병, 노화 방지에 효험이 있는 것으로 알려져 있다.",,https://www.thek-hotel.co.kr,경상북도 경주시 엑스포로 45 (신평동),06:00~21:00 (입장 마감 20:00),매주 월요일,가능,장애인 전용 화장실 있음,"[온천사우나]
- 성인 17,000원
- 어린이 7,000원
- 유아 4,000원
[성수기 온천사우나&수영장]
- 성인 30,000원
- 어린이 19,000원
- 유아 14,000원
※ 자세한 사항은 홈페이지 참조",,온천수로 목욕하니 피부가 보들보들해졌어요. 멀어서 자주는 못가지만 두달에 한번씩 이용해요.,,,,,장애인 주차장 있음_무장애 편의시설,,,,,,,,,,,,,,,,,,,,,,,,,,,,,,,,,,,,,,,,,,,,,,,,,,,,,,,,,,,,,,,,,,,
